[{"model": "admin.logentry", "pk": 1, "fields": {"action_time": "2025-05-02T04:05:53.864Z", "user": 2, "content_type": 20, "object_id": "1", "object_repr": "slide1", "action_flag": 2, "change_message": "[{\"changed\": {\"fields\": [\"Image\", \"Sub head\", \"Content\"]}}]"}}, {"model": "admin.logentry", "pk": 2, "fields": {"action_time": "2025-05-02T04:06:23.886Z", "user": 2, "content_type": 20, "object_id": "2", "object_repr": "slider 2", "action_flag": 2, "change_message": "[{\"changed\": {\"fields\": [\"Image\", \"Sub head\", \"Content\"]}}]"}}, {"model": "admin.logentry", "pk": 3, "fields": {"action_time": "2025-05-02T04:19:30.021Z", "user": 2, "content_type": 27, "object_id": "6", "object_repr": " PANTRY CHROME LINE", "action_flag": 2, "change_message": "[{\"changed\": {\"fields\": [\"Is popular\"]}}]"}}, {"model": "admin.logentry", "pk": 4, "fields": {"action_time": "2025-05-02T04:20:05.078Z", "user": 2, "content_type": 27, "object_id": "12", "object_repr": " BOTTLE PULL OUT BLACK SATIN", "action_flag": 2, "change_message": "[{\"changed\": {\"fields\": [\"Is popular\"]}}]"}}, {"model": "auth.permission", "pk": 1, "fields": {"name": "Can add log entry", "content_type": 1, "codename": "add_logentry"}}, {"model": "auth.permission", "pk": 2, "fields": {"name": "Can change log entry", "content_type": 1, "codename": "change_logentry"}}, {"model": "auth.permission", "pk": 3, "fields": {"name": "Can delete log entry", "content_type": 1, "codename": "delete_logentry"}}, {"model": "auth.permission", "pk": 4, "fields": {"name": "Can view log entry", "content_type": 1, "codename": "view_logentry"}}, {"model": "auth.permission", "pk": 5, "fields": {"name": "Can add permission", "content_type": 2, "codename": "add_permission"}}, {"model": "auth.permission", "pk": 6, "fields": {"name": "Can change permission", "content_type": 2, "codename": "change_permission"}}, {"model": "auth.permission", "pk": 7, "fields": {"name": "Can delete permission", "content_type": 2, "codename": "delete_permission"}}, {"model": "auth.permission", "pk": 8, "fields": {"name": "Can view permission", "content_type": 2, "codename": "view_permission"}}, {"model": "auth.permission", "pk": 9, "fields": {"name": "Can add group", "content_type": 3, "codename": "add_group"}}, {"model": "auth.permission", "pk": 10, "fields": {"name": "Can change group", "content_type": 3, "codename": "change_group"}}, {"model": "auth.permission", "pk": 11, "fields": {"name": "Can delete group", "content_type": 3, "codename": "delete_group"}}, {"model": "auth.permission", "pk": 12, "fields": {"name": "Can view group", "content_type": 3, "codename": "view_group"}}, {"model": "auth.permission", "pk": 13, "fields": {"name": "Can add user", "content_type": 4, "codename": "add_user"}}, {"model": "auth.permission", "pk": 14, "fields": {"name": "Can change user", "content_type": 4, "codename": "change_user"}}, {"model": "auth.permission", "pk": 15, "fields": {"name": "Can delete user", "content_type": 4, "codename": "delete_user"}}, {"model": "auth.permission", "pk": 16, "fields": {"name": "Can view user", "content_type": 4, "codename": "view_user"}}, {"model": "auth.permission", "pk": 17, "fields": {"name": "Can add content type", "content_type": 5, "codename": "add_contenttype"}}, {"model": "auth.permission", "pk": 18, "fields": {"name": "Can change content type", "content_type": 5, "codename": "change_contenttype"}}, {"model": "auth.permission", "pk": 19, "fields": {"name": "Can delete content type", "content_type": 5, "codename": "delete_contenttype"}}, {"model": "auth.permission", "pk": 20, "fields": {"name": "Can view content type", "content_type": 5, "codename": "view_contenttype"}}, {"model": "auth.permission", "pk": 21, "fields": {"name": "Can add session", "content_type": 6, "codename": "add_session"}}, {"model": "auth.permission", "pk": 22, "fields": {"name": "Can change session", "content_type": 6, "codename": "change_session"}}, {"model": "auth.permission", "pk": 23, "fields": {"name": "Can delete session", "content_type": 6, "codename": "delete_session"}}, {"model": "auth.permission", "pk": 24, "fields": {"name": "Can view session", "content_type": 6, "codename": "view_session"}}, {"model": "auth.permission", "pk": 25, "fields": {"name": "Can add registration profile", "content_type": 7, "codename": "add_registrationprofile"}}, {"model": "auth.permission", "pk": 26, "fields": {"name": "Can change registration profile", "content_type": 7, "codename": "change_registrationprofile"}}, {"model": "auth.permission", "pk": 27, "fields": {"name": "Can delete registration profile", "content_type": 7, "codename": "delete_registrationprofile"}}, {"model": "auth.permission", "pk": 28, "fields": {"name": "Can view registration profile", "content_type": 7, "codename": "view_registrationprofile"}}, {"model": "auth.permission", "pk": 29, "fields": {"name": "Can add supervised registration profile", "content_type": 8, "codename": "add_supervisedregistrationprofile"}}, {"model": "auth.permission", "pk": 30, "fields": {"name": "Can change supervised registration profile", "content_type": 8, "codename": "change_supervisedregistrationprofile"}}, {"model": "auth.permission", "pk": 31, "fields": {"name": "Can delete supervised registration profile", "content_type": 8, "codename": "delete_supervisedregistrationprofile"}}, {"model": "auth.permission", "pk": 32, "fields": {"name": "Can view supervised registration profile", "content_type": 8, "codename": "view_supervisedregistrationprofile"}}, {"model": "auth.permission", "pk": 33, "fields": {"name": "Can add contact", "content_type": 9, "codename": "add_contact"}}, {"model": "auth.permission", "pk": 34, "fields": {"name": "Can change contact", "content_type": 9, "codename": "change_contact"}}, {"model": "auth.permission", "pk": 35, "fields": {"name": "Can delete contact", "content_type": 9, "codename": "delete_contact"}}, {"model": "auth.permission", "pk": 36, "fields": {"name": "Can view contact", "content_type": 9, "codename": "view_contact"}}, {"model": "auth.permission", "pk": 37, "fields": {"name": "Can add location", "content_type": 10, "codename": "add_location"}}, {"model": "auth.permission", "pk": 38, "fields": {"name": "Can change location", "content_type": 10, "codename": "change_location"}}, {"model": "auth.permission", "pk": 39, "fields": {"name": "Can delete location", "content_type": 10, "codename": "delete_location"}}, {"model": "auth.permission", "pk": 40, "fields": {"name": "Can view location", "content_type": 10, "codename": "view_location"}}, {"model": "auth.permission", "pk": 41, "fields": {"name": "Can add service fee", "content_type": 11, "codename": "add_servicefee"}}, {"model": "auth.permission", "pk": 42, "fields": {"name": "Can change service fee", "content_type": 11, "codename": "change_servicefee"}}, {"model": "auth.permission", "pk": 43, "fields": {"name": "Can delete service fee", "content_type": 11, "codename": "delete_servicefee"}}, {"model": "auth.permission", "pk": 44, "fields": {"name": "Can view service fee", "content_type": 11, "codename": "view_servicefee"}}, {"model": "auth.permission", "pk": 45, "fields": {"name": "Can add student", "content_type": 12, "codename": "add_student"}}, {"model": "auth.permission", "pk": 46, "fields": {"name": "Can change student", "content_type": 12, "codename": "change_student"}}, {"model": "auth.permission", "pk": 47, "fields": {"name": "Can delete student", "content_type": 12, "codename": "delete_student"}}, {"model": "auth.permission", "pk": 48, "fields": {"name": "Can view student", "content_type": 12, "codename": "view_student"}}, {"model": "auth.permission", "pk": 49, "fields": {"name": "Can add Cart Item", "content_type": 13, "codename": "add_cartitem"}}, {"model": "auth.permission", "pk": 50, "fields": {"name": "Can change Cart Item", "content_type": 13, "codename": "change_cartitem"}}, {"model": "auth.permission", "pk": 51, "fields": {"name": "Can delete Cart Item", "content_type": 13, "codename": "delete_cartitem"}}, {"model": "auth.permission", "pk": 52, "fields": {"name": "Can view Cart Item", "content_type": 13, "codename": "view_cartitem"}}, {"model": "auth.permission", "pk": 53, "fields": {"name": "Can add Order Update", "content_type": 14, "codename": "add_orderupdate"}}, {"model": "auth.permission", "pk": 54, "fields": {"name": "Can change Order Update", "content_type": 14, "codename": "change_orderupdate"}}, {"model": "auth.permission", "pk": 55, "fields": {"name": "Can delete Order Update", "content_type": 14, "codename": "delete_orderupdate"}}, {"model": "auth.permission", "pk": 56, "fields": {"name": "Can view Order Update", "content_type": 14, "codename": "view_orderupdate"}}, {"model": "auth.permission", "pk": 57, "fields": {"name": "Can add payment", "content_type": 15, "codename": "add_payment"}}, {"model": "auth.permission", "pk": 58, "fields": {"name": "Can change payment", "content_type": 15, "codename": "change_payment"}}, {"model": "auth.permission", "pk": 59, "fields": {"name": "Can delete payment", "content_type": 15, "codename": "delete_payment"}}, {"model": "auth.permission", "pk": 60, "fields": {"name": "Can view payment", "content_type": 15, "codename": "view_payment"}}, {"model": "auth.permission", "pk": 61, "fields": {"name": "Can add Order", "content_type": 16, "codename": "add_order"}}, {"model": "auth.permission", "pk": 62, "fields": {"name": "Can change Order", "content_type": 16, "codename": "change_order"}}, {"model": "auth.permission", "pk": 63, "fields": {"name": "Can delete Order", "content_type": 16, "codename": "delete_order"}}, {"model": "auth.permission", "pk": 64, "fields": {"name": "Can view Order", "content_type": 16, "codename": "view_order"}}, {"model": "auth.permission", "pk": 65, "fields": {"name": "Can add Notification", "content_type": 17, "codename": "add_notification"}}, {"model": "auth.permission", "pk": 66, "fields": {"name": "Can change Notification", "content_type": 17, "codename": "change_notification"}}, {"model": "auth.permission", "pk": 67, "fields": {"name": "Can delete Notification", "content_type": 17, "codename": "delete_notification"}}, {"model": "auth.permission", "pk": 68, "fields": {"name": "Can view Notification", "content_type": 17, "codename": "view_notification"}}, {"model": "auth.permission", "pk": 69, "fields": {"name": "Can add Wishlist Item", "content_type": 18, "codename": "add_wishlist"}}, {"model": "auth.permission", "pk": 70, "fields": {"name": "Can change Wishlist Item", "content_type": 18, "codename": "change_wishlist"}}, {"model": "auth.permission", "pk": 71, "fields": {"name": "Can delete Wishlist Item", "content_type": 18, "codename": "delete_wishlist"}}, {"model": "auth.permission", "pk": 72, "fields": {"name": "Can view Wishlist Item", "content_type": 18, "codename": "view_wishlist"}}, {"model": "auth.permission", "pk": 73, "fields": {"name": "Can add order item", "content_type": 19, "codename": "add_orderitem"}}, {"model": "auth.permission", "pk": 74, "fields": {"name": "Can change order item", "content_type": 19, "codename": "change_orderitem"}}, {"model": "auth.permission", "pk": 75, "fields": {"name": "Can delete order item", "content_type": 19, "codename": "delete_orderitem"}}, {"model": "auth.permission", "pk": 76, "fields": {"name": "Can view order item", "content_type": 19, "codename": "view_orderitem"}}, {"model": "auth.permission", "pk": 77, "fields": {"name": "Can add Slider", "content_type": 20, "codename": "add_slider"}}, {"model": "auth.permission", "pk": 78, "fields": {"name": "Can change Slider", "content_type": 20, "codename": "change_slider"}}, {"model": "auth.permission", "pk": 79, "fields": {"name": "Can delete Slider", "content_type": 20, "codename": "delete_slider"}}, {"model": "auth.permission", "pk": 80, "fields": {"name": "Can view Slider", "content_type": 20, "codename": "view_slider"}}, {"model": "auth.permission", "pk": 81, "fields": {"name": "Can add offer product", "content_type": 21, "codename": "add_offerproduct"}}, {"model": "auth.permission", "pk": 82, "fields": {"name": "Can change offer product", "content_type": 21, "codename": "change_offerproduct"}}, {"model": "auth.permission", "pk": 83, "fields": {"name": "Can delete offer product", "content_type": 21, "codename": "delete_offerproduct"}}, {"model": "auth.permission", "pk": 84, "fields": {"name": "Can view offer product", "content_type": 21, "codename": "view_offerproduct"}}, {"model": "auth.permission", "pk": 85, "fields": {"name": "Can add review", "content_type": 22, "codename": "add_review"}}, {"model": "auth.permission", "pk": 86, "fields": {"name": "Can change review", "content_type": 22, "codename": "change_review"}}, {"model": "auth.permission", "pk": 87, "fields": {"name": "Can delete review", "content_type": 22, "codename": "delete_review"}}, {"model": "auth.permission", "pk": 88, "fields": {"name": "Can view review", "content_type": 22, "codename": "view_review"}}, {"model": "auth.permission", "pk": 89, "fields": {"name": "Can add Product Image", "content_type": 23, "codename": "add_productimage"}}, {"model": "auth.permission", "pk": 90, "fields": {"name": "Can change Product Image", "content_type": 23, "codename": "change_productimage"}}, {"model": "auth.permission", "pk": 91, "fields": {"name": "Can delete Product Image", "content_type": 23, "codename": "delete_productimage"}}, {"model": "auth.permission", "pk": 92, "fields": {"name": "Can view Product Image", "content_type": 23, "codename": "view_productimage"}}, {"model": "auth.permission", "pk": 93, "fields": {"name": "Can add Category", "content_type": 24, "codename": "add_category"}}, {"model": "auth.permission", "pk": 94, "fields": {"name": "Can change Category", "content_type": 24, "codename": "change_category"}}, {"model": "auth.permission", "pk": 95, "fields": {"name": "Can delete Category", "content_type": 24, "codename": "delete_category"}}, {"model": "auth.permission", "pk": 96, "fields": {"name": "Can view Category", "content_type": 24, "codename": "view_category"}}, {"model": "auth.permission", "pk": 97, "fields": {"name": "Can add Tag", "content_type": 25, "codename": "add_tag"}}, {"model": "auth.permission", "pk": 98, "fields": {"name": "Can change Tag", "content_type": 25, "codename": "change_tag"}}, {"model": "auth.permission", "pk": 99, "fields": {"name": "Can delete Tag", "content_type": 25, "codename": "delete_tag"}}, {"model": "auth.permission", "pk": 100, "fields": {"name": "Can view Tag", "content_type": 25, "codename": "view_tag"}}, {"model": "auth.permission", "pk": 101, "fields": {"name": "Can add product information", "content_type": 26, "codename": "add_productinformation"}}, {"model": "auth.permission", "pk": 102, "fields": {"name": "Can change product information", "content_type": 26, "codename": "change_productinformation"}}, {"model": "auth.permission", "pk": 103, "fields": {"name": "Can delete product information", "content_type": 26, "codename": "delete_productinformation"}}, {"model": "auth.permission", "pk": 104, "fields": {"name": "Can view product information", "content_type": 26, "codename": "view_productinformation"}}, {"model": "auth.permission", "pk": 105, "fields": {"name": "Can add Product", "content_type": 27, "codename": "add_product"}}, {"model": "auth.permission", "pk": 106, "fields": {"name": "Can change Product", "content_type": 27, "codename": "change_product"}}, {"model": "auth.permission", "pk": 107, "fields": {"name": "Can delete Product", "content_type": 27, "codename": "delete_product"}}, {"model": "auth.permission", "pk": 108, "fields": {"name": "Can view Product", "content_type": 27, "codename": "view_product"}}, {"model": "auth.permission", "pk": 109, "fields": {"name": "Can add offer", "content_type": 28, "codename": "add_offer"}}, {"model": "auth.permission", "pk": 110, "fields": {"name": "Can change offer", "content_type": 28, "codename": "change_offer"}}, {"model": "auth.permission", "pk": 111, "fields": {"name": "Can delete offer", "content_type": 28, "codename": "delete_offer"}}, {"model": "auth.permission", "pk": 112, "fields": {"name": "Can view offer", "content_type": 28, "codename": "view_offer"}}, {"model": "auth.permission", "pk": 113, "fields": {"name": "Can add Available Size", "content_type": 29, "codename": "add_availablesize"}}, {"model": "auth.permission", "pk": 114, "fields": {"name": "Can change Available Size", "content_type": 29, "codename": "change_availablesize"}}, {"model": "auth.permission", "pk": 115, "fields": {"name": "Can delete Available Size", "content_type": 29, "codename": "delete_availablesize"}}, {"model": "auth.permission", "pk": 116, "fields": {"name": "Can view Available Size", "content_type": 29, "codename": "view_availablesize"}}, {"model": "auth.permission", "pk": 117, "fields": {"name": "Can add customer", "content_type": 30, "codename": "add_customer"}}, {"model": "auth.permission", "pk": 118, "fields": {"name": "Can change customer", "content_type": 30, "codename": "change_customer"}}, {"model": "auth.permission", "pk": 119, "fields": {"name": "Can delete customer", "content_type": 30, "codename": "delete_customer"}}, {"model": "auth.permission", "pk": 120, "fields": {"name": "Can view customer", "content_type": 30, "codename": "view_customer"}}, {"model": "auth.permission", "pk": 121, "fields": {"name": "Can add shipping address", "content_type": 31, "codename": "add_shippingaddress"}}, {"model": "auth.permission", "pk": 122, "fields": {"name": "Can change shipping address", "content_type": 31, "codename": "change_shippingaddress"}}, {"model": "auth.permission", "pk": 123, "fields": {"name": "Can delete shipping address", "content_type": 31, "codename": "delete_shippingaddress"}}, {"model": "auth.permission", "pk": 124, "fields": {"name": "Can view shipping address", "content_type": 31, "codename": "view_shippingaddress"}}, {"model": "auth.user", "pk": 1, "fields": {"password": "pbkdf2_sha256$1000000$4YByUZ1YfB6xZjh3ZNTZDs$A4KrdFBmf8A0GYDQtflcO7Lzr/P3aBssDFc3uQ70Zwk=", "last_login": "2025-05-01T17:48:21.458Z", "is_superuser": false, "username": "vibinkumar", "first_name": "", "last_name": "", "email": "vibin@gmail.com", "is_staff": false, "is_active": true, "date_joined": "2025-05-01T17:48:12.988Z", "groups": [], "user_permissions": []}}, {"model": "auth.user", "pk": 2, "fields": {"password": "pbkdf2_sha256$1000000$EIPlU2tDbNgh9ywdTnlqfR$yO5fGfru7rDqVrYw2X5luNCaYg+2RC4iTx1v2iH5aoU=", "last_login": "2025-05-02T04:03:02.641Z", "is_superuser": true, "username": "admin", "first_name": "", "last_name": "", "email": "admin@gmail.com", "is_staff": true, "is_active": true, "date_joined": "2025-05-02T04:02:05.675Z", "groups": [], "user_permissions": []}}, {"model": "contenttypes.contenttype", "pk": 1, "fields": {"app_label": "admin", "model": "logentry"}}, {"model": "contenttypes.contenttype", "pk": 2, "fields": {"app_label": "auth", "model": "permission"}}, {"model": "contenttypes.contenttype", "pk": 3, "fields": {"app_label": "auth", "model": "group"}}, {"model": "contenttypes.contenttype", "pk": 4, "fields": {"app_label": "auth", "model": "user"}}, {"model": "contenttypes.contenttype", "pk": 5, "fields": {"app_label": "contenttypes", "model": "contenttype"}}, {"model": "contenttypes.contenttype", "pk": 6, "fields": {"app_label": "sessions", "model": "session"}}, {"model": "contenttypes.contenttype", "pk": 7, "fields": {"app_label": "registration", "model": "registrationprofile"}}, {"model": "contenttypes.contenttype", "pk": 8, "fields": {"app_label": "registration", "model": "supervisedregistrationprofile"}}, {"model": "contenttypes.contenttype", "pk": 9, "fields": {"app_label": "web", "model": "contact"}}, {"model": "contenttypes.contenttype", "pk": 10, "fields": {"app_label": "order", "model": "location"}}, {"model": "contenttypes.contenttype", "pk": 11, "fields": {"app_label": "order", "model": "servicefee"}}, {"model": "contenttypes.contenttype", "pk": 12, "fields": {"app_label": "order", "model": "student"}}, {"model": "contenttypes.contenttype", "pk": 13, "fields": {"app_label": "order", "model": "cartitem"}}, {"model": "contenttypes.contenttype", "pk": 14, "fields": {"app_label": "order", "model": "orderupdate"}}, {"model": "contenttypes.contenttype", "pk": 15, "fields": {"app_label": "order", "model": "payment"}}, {"model": "contenttypes.contenttype", "pk": 16, "fields": {"app_label": "order", "model": "order"}}, {"model": "contenttypes.contenttype", "pk": 17, "fields": {"app_label": "order", "model": "notification"}}, {"model": "contenttypes.contenttype", "pk": 18, "fields": {"app_label": "order", "model": "wishlist"}}, {"model": "contenttypes.contenttype", "pk": 19, "fields": {"app_label": "order", "model": "orderitem"}}, {"model": "contenttypes.contenttype", "pk": 20, "fields": {"app_label": "products", "model": "slider"}}, {"model": "contenttypes.contenttype", "pk": 21, "fields": {"app_label": "products", "model": "offerproduct"}}, {"model": "contenttypes.contenttype", "pk": 22, "fields": {"app_label": "products", "model": "review"}}, {"model": "contenttypes.contenttype", "pk": 23, "fields": {"app_label": "products", "model": "productimage"}}, {"model": "contenttypes.contenttype", "pk": 24, "fields": {"app_label": "products", "model": "category"}}, {"model": "contenttypes.contenttype", "pk": 25, "fields": {"app_label": "products", "model": "tag"}}, {"model": "contenttypes.contenttype", "pk": 26, "fields": {"app_label": "products", "model": "productinformation"}}, {"model": "contenttypes.contenttype", "pk": 27, "fields": {"app_label": "products", "model": "product"}}, {"model": "contenttypes.contenttype", "pk": 28, "fields": {"app_label": "products", "model": "offer"}}, {"model": "contenttypes.contenttype", "pk": 29, "fields": {"app_label": "products", "model": "availablesize"}}, {"model": "contenttypes.contenttype", "pk": 30, "fields": {"app_label": "accounts", "model": "customer"}}, {"model": "contenttypes.contenttype", "pk": 31, "fields": {"app_label": "accounts", "model": "shippingaddress"}}, {"model": "sessions.session", "pk": "yaybm0njpqkukdzls1vq4pyeh7nv1z9h", "fields": {"session_data": ".eJxVjDsOwjAQRO_iGllxgtc2JX3OEK33QwLIlvKpEHeHSCmgGmnem3mZAbd1HLZF5mFiczGtOf12GekhZQd8x3KrlmpZ5ynbXbEHXWxfWZ7Xw_07GHEZv2uU7HMOSTV5B-T2BOd9k0CwE5KokbSDEDnETiGegzrgRAzcELbm_QEByDiR:1uAhc6:DVRdHlQK8Lb9CVtYfQSz6Bkk9viP6NOXfyGNANtLOFM", "expire_date": "2025-05-16T04:03:02.745Z"}}, {"model": "order.cartitem", "pk": 1, "fields": {"user": 1, "product": 4, "variant": "450mm", "price": 17085, "quantity": 1, "is_offer_applied": false}}, {"model": "products.slider", "pk": 1, "fields": {"title": "slide1", "image": "slider/banner1_XFCTcwk.jpg", "sub_head": "Elevate Your Space with Uncompromising Quality", "content": "Experience the epitome of furniture quality. Our products are meticulously crafted with an unwavering commitment to excellence."}}, {"model": "products.slider", "pk": 2, "fields": {"title": "slider 2", "image": "slider/2_0m05HhU.jpg", "sub_head": "Perfect Harmony: Comfort & Style", "content": "Explore furniture that harmoniously combines comfort and style\r\nto elevate your home."}}, {"model": "products.category", "pk": 5, "fields": {"name": "Pantry Tall Unit", "slug": "pantry-tall-unit", "image": "categories/prod1-JPy3TPvH.jpg", "status": "Published"}}, {"model": "products.category", "pk": 6, "fields": {"name": "Swing Corner", "slug": "swing-corner", "image": "categories/prod2-mfWGldTo.jpg", "status": "Published"}}, {"model": "products.category", "pk": 7, "fields": {"name": "Magic Corner", "slug": "magic-corner", "image": "categories/prod3-DkAFyVWr.jpg", "status": "Published"}}, {"model": "products.category", "pk": 8, "fields": {"name": "Wooden Wicker Basket", "slug": "wooden-wicker-basket", "image": "categories/prod4-BiNmm1zv.jpg", "status": "Published"}}, {"model": "products.category", "pk": 9, "fields": {"name": "Bottle Pull Out", "slug": "bottle-pull-out", "image": "categories/prod5-BFD9B9ih.jpg", "status": "Published"}}, {"model": "products.category", "pk": 10, "fields": {"name": "Waste Bin", "slug": "waste-bin", "image": "categories/prod6-BTNPEbrx.jpg", "status": "Published"}}, {"model": "products.category", "pk": 11, "fields": {"name": "Side Tall Unit", "slug": "side-tall-unit", "image": "categories/prod7-BGtxFvZB.jpg", "status": "Published"}}, {"model": "products.category", "pk": 12, "fields": {"name": "Wooden Cutlary", "slug": "wooden-cutlary", "image": "categories/prod8-SiI7r2Xv.jpg", "status": "Published"}}, {"model": "products.tag", "pk": 1, "fields": {"name": "drawers", "background_color": "danger"}}, {"model": "products.tag", "pk": 2, "fields": {"name": "pantry", "background_color": "danger"}}, {"model": "products.tag", "pk": 3, "fields": {"name": "magic corner", "background_color": "success"}}, {"model": "products.tag", "pk": 4, "fields": {"name": "bottle pull out", "background_color": "info"}}, {"model": "products.tag", "pk": 5, "fields": {"name": "swing corner", "background_color": "warning"}}, {"model": "products.tag", "pk": 6, "fields": {"name": "waste bin", "background_color": "primary"}}, {"model": "products.tag", "pk": 7, "fields": {"name": "side tall unit", "background_color": "secondary"}}, {"model": "products.tag", "pk": 8, "fields": {"name": "wooden cutlary", "background_color": "dark"}}, {"model": "products.product", "pk": 3, "fields": {"category": 5, "name": "PANTRY GLASS BIDDING", "slug": "pantry-glass-bidding", "tag": 2, "product_code": "PANTRY-450 GLASS BIDDING", "sku": null, "details": "Perfect connections between basket and door.\r\nSoft close feature ensures effortless functioning.\r\nIn-built slide-out mechanism for easy accessibility.\r\nClear classification, more storage space, convenient and smooth operation.\r\nTandem Pantry Unit bottom slider is tested with 50,000 cycle.\r\nThis kitchen pantry unit is ideal for pantry storage of 450mm & 600mm wide cabinets.\r\nColor – black / Glass.", "rating": 5, "image": "products/PANTRY-450_GLASS_BIDDING.jpg", "generic_name": "PANTRY GLASS BIDDING", "first_available_date": "2025-04-23", "is_popular": false, "is_new_arrival": true, "is_best_seller": true, "is_offer": false, "is_stock": true, "meta_title": "", "meta_description": ""}}, {"model": "products.product", "pk": 4, "fields": {"category": 5, "name": "PANTRY BLACK SATIN", "slug": "pantry-black-satin", "tag": 2, "product_code": "PANTRY-450 BLACK SATIN", "sku": null, "details": "Perfect connections between basket and door.\r\nSoft close feature ensures effortless functioning.\r\nIn-built slide-out mechanism for easy accessibility.\r\nClear classification, more storage space, convenient and smooth operation.\r\nTandem Pantry Unit bottom slider is tested with 50,000 cycle.\r\nIdeal for pantry storage of 450mm & 600mm wide cabinets.\r\nFinish - Dark Grey.", "rating": 3, "image": "products/pantry_full_black_1.jpg", "generic_name": "Pantry Black Satin", "first_available_date": "2025-04-24", "is_popular": false, "is_new_arrival": true, "is_best_seller": true, "is_offer": false, "is_stock": true, "meta_title": "", "meta_description": ""}}, {"model": "products.product", "pk": 5, "fields": {"category": 5, "name": "PANTRY GLASS TRANS", "slug": "pantry-glass-trans", "tag": 2, "product_code": "PANTRY-450 GLASS TRANS", "sku": null, "details": "Perfect connections between basket and door.\r\nSoft close feature ensures effortless functioning.\r\nIn-built slide-out mechanism for easy accessibility.\r\nClear classification, more storage space, convenient and smooth operation.\r\nTandem Pantry Unit bottom slider is tested with 50,000 cycle.\r\nThis kitchen pantry unit is ideal for pantry storage of 450mm & 600mm wide cabinets.\r\nColor – White glass.", "rating": 3, "image": "products/pantry_white_glass_1.jpg", "generic_name": "PANTRY GLASS TRANS", "first_available_date": "2025-04-24", "is_popular": false, "is_new_arrival": true, "is_best_seller": true, "is_offer": false, "is_stock": true, "meta_title": "", "meta_description": ""}}, {"model": "products.product", "pk": 6, "fields": {"category": 5, "name": "PANTRY CHROME LINE", "slug": "pantry-chrome-line", "tag": 2, "product_code": null, "sku": null, "details": "Perfect connections between basket and door.\r\nSoft close feature ensures effortless functioning.\r\nIn-built slide-out mechanism for easy accessibility.\r\nClear classification, more storage space, convenient and smooth operation.\r\nTandem Pantry Unit bottom slider is tested with 50,000 cycle.\r\nThis kitchen pantry unit is ideal for pantry storage of 450mm & 600mm wide cabinets.\r\nColor – Chrome line.", "rating": 3, "image": "products/pantry_chrome_1.jpg", "generic_name": "PANTRY CHROME LINE", "first_available_date": "2025-04-24", "is_popular": false, "is_new_arrival": true, "is_best_seller": true, "is_offer": true, "is_stock": true, "meta_title": "", "meta_description": ""}}, {"model": "products.product", "pk": 7, "fields": {"category": 7, "name": "MAGIC CORNER GLASS BIDDING", "slug": "magic-corner-glass-bidding", "tag": 3, "product_code": "UMC- GLASS BIDDING", "sku": null, "details": "Optimal use of corner space.\r\nOffering users with variants featuring exclusive designs.\r\nSolid base 4 basket.\r\nMechanism with soft close system.\r\nSame mechanism can be used for both left and right corner.\r\nLoading capacity: 16 kg, 4 kg per basket recommended.\r\nProduct Size W 900 x D 500 x H 600 mm.\r\nCabinet door width 450 mm.\r\nFinish: Black Glass/ Chrome Line/ Full Black/ White Glass", "rating": 3, "image": "products/prod3.jpg", "generic_name": "MAGIC CORNER GLASS BIDDING", "first_available_date": "2025-04-24", "is_popular": false, "is_new_arrival": true, "is_best_seller": true, "is_offer": false, "is_stock": true, "meta_title": "", "meta_description": ""}}, {"model": "products.product", "pk": 8, "fields": {"category": 7, "name": "MAGIC CORNER BLACK SATIN", "slug": "magic-corner-black-satin", "tag": 3, "product_code": "UMC-BLACK SATIN", "sku": null, "details": "Optimal use of corner space. Offering users with variants featuring exclusive designs. Solid base 4 basket. Mechanism with soft close system. Same mechanism can be used for both left and right corner. Loading capacity: 16 kg, 4 kg per basket recommended. Product Size W 900 x D 500 x H 600 mm. Cabinet door width 450 mm. Finish: Black Glass/ Chrome Line/ Full Black/ White Glass", "rating": 3, "image": "products/umc_1_Bf8oUpn.jpg", "generic_name": "MAGIC CORNER BLACK SATIN", "first_available_date": "2025-04-24", "is_popular": true, "is_new_arrival": true, "is_best_seller": true, "is_offer": false, "is_stock": true, "meta_title": "", "meta_description": ""}}, {"model": "products.product", "pk": 9, "fields": {"category": 7, "name": "MAGIC CORNER GLASS TRANS", "slug": "magic-corner-glass-trans", "tag": 3, "product_code": "UMC-GLASS TRANS", "sku": null, "details": "Optimal use of corner space. Offering users with variants featuring exclusive designs. Solid base 4 basket. Mechanism with soft close system. Same mechanism can be used for both left and right corner. Loading capacity: 16 kg, 4 kg per basket recommended. Product Size W 900 x D 500 x H 600 mm. Cabinet door width 450 mm. Finish: Black Glass/ Chrome Line/ Full Black/ White Glass", "rating": 3, "image": "products/prod3dvffdsfv.jpg", "generic_name": "MAGIC CORNER GLASS TRANS", "first_available_date": "2025-04-24", "is_popular": true, "is_new_arrival": true, "is_best_seller": true, "is_offer": false, "is_stock": true, "meta_title": "", "meta_description": ""}}, {"model": "products.product", "pk": 10, "fields": {"category": 7, "name": "MAGIC CORNER CHROME LINE", "slug": "magic-corner-chrome-line", "tag": 3, "product_code": "UMC- CHROME LINE", "sku": null, "details": "Optimal use of corner space. Offering users with variants featuring exclusive designs. Solid base 4 basket. Mechanism with soft close system. Same mechanism can be used for both left and right corner. Loading capacity: 16 kg, 4 kg per basket recommended. Product Size W 900 x D 500 x H 600 mm. Cabinet door width 450 mm. Finish: Black Glass/ Chrome Line/ Full Black/ White Glass", "rating": 3, "image": "products/umc_1_ccrA5es.jpg", "generic_name": "MAGIC CORNER CHROME LINE", "first_available_date": "2025-04-24", "is_popular": false, "is_new_arrival": true, "is_best_seller": true, "is_offer": false, "is_stock": true, "meta_title": "", "meta_description": ""}}, {"model": "products.product", "pk": 11, "fields": {"category": 9, "name": "BOTTLE PULL OUT GLASS BIDDING", "slug": "bottle-pull-out-glass-bidding", "tag": 4, "product_code": null, "sku": null, "details": "Pull outs base units in a kitchen are very practical and allow easy access to items such as tea, coffee, spice jars and bottles.\r\nPull outs storage for multiple items comes with 2 layers and 3 layer options\r\nStandard Carcase Widths: 200, 250, 300 mm\r\nFinish: Full Black, Black Glass, White Glass and Chrome Line\r\nPull outs frame comes with concealed soft close slides", "rating": 3, "image": "products/bpo_black_glass.jpg", "generic_name": "BOTTLE PULL OUT GLASS BIDDING", "first_available_date": "2025-04-24", "is_popular": false, "is_new_arrival": true, "is_best_seller": true, "is_offer": false, "is_stock": true, "meta_title": "", "meta_description": ""}}, {"model": "products.product", "pk": 12, "fields": {"category": 9, "name": "BOTTLE PULL OUT BLACK SATIN", "slug": "bottle-pull-out-black-satin", "tag": 4, "product_code": null, "sku": null, "details": "Pull outs base units in a kitchen are very practical and allow easy access to items such as tea, coffee, spice jars and bottles. Pull outs storage for multiple items comes with 2 layers and 3 layer options.\r\nStandard Carcase Widths: 200, 250, 300 mm.\r\nFinish: Full Black, Black Glass, White Glass and Chrome Line. \r\nPull outs frame comes with concealed soft close slides", "rating": 3, "image": "products/bpo_full_black.jpg", "generic_name": "BOTTLE PULL OUT BLACK SATIN", "first_available_date": "2025-04-24", "is_popular": true, "is_new_arrival": true, "is_best_seller": true, "is_offer": false, "is_stock": true, "meta_title": "", "meta_description": ""}}, {"model": "products.product", "pk": 13, "fields": {"category": 9, "name": "BOTTLE PULL OUT GLASS TRNS", "slug": "bottle-pull-out-glass-trns", "tag": 4, "product_code": null, "sku": null, "details": "Pull outs base units in a kitchen are very practical and allow easy access to items such as tea, coffee, spice jars and bottles. Pull outs storage for multiple items comes with 2 layers and 3 layer options. Standard Carcase Widths: 200, 250, 300 mm. Finish: Full Black, Black Glass, White Glass and Chrome Line. Pull outs frame comes with concealed soft close slides", "rating": 5, "image": "products/bpo_black_glass_Zs4hyVs.jpg", "generic_name": "BOTTLE PULL OUT GLASS TRNS", "first_available_date": "2025-04-24", "is_popular": false, "is_new_arrival": true, "is_best_seller": true, "is_offer": false, "is_stock": true, "meta_title": "", "meta_description": ""}}, {"model": "products.product", "pk": 14, "fields": {"category": 9, "name": "BOTTLE PULL OUT CHROME LINE", "slug": "bottle-pull-out-chrome-line", "tag": 4, "product_code": null, "sku": null, "details": "Pull outs base units in a kitchen are very practical and allow easy access to items such as tea, coffee, spice jars and bottles. Pull outs storage for multiple items comes with 2 layers and 3 layer options. Standard Carcase Widths: 200, 250, 300 mm. Finish: Full Black, Black Glass, White Glass and Chrome Line. Pull outs frame comes with concealed soft close slides", "rating": 3, "image": "products/bpo_chrome.jpg", "generic_name": "BOTTLE PULL OUT CHROME LINE", "first_available_date": "2025-04-24", "is_popular": true, "is_new_arrival": true, "is_best_seller": true, "is_offer": false, "is_stock": true, "meta_title": "", "meta_description": ""}}, {"model": "products.product", "pk": 15, "fields": {"category": 6, "name": "SWING CORNER (LEFT&RIGHT)", "slug": "swing-corner-leftright", "tag": 5, "product_code": "S CORNER (LEFT&RIGHT)", "sku": null, "details": "Optimal use of corner space.\r\nWooden base changeable for oval line shelf.\r\nHeight adjustable upright column and trays.\r\nOption of multiple layer trays.\r\nMax 7 Kg capacity for each swing trays.\r\nMinmium door opening space 450mm.\r\nSuitable cabinet size: WxDxH 790 mm x 390mm x 80 mm\r\nAvailable in Two variants with Left or Right opening \r\nFinish: Chrome Line", "rating": 3, "image": "products/scorener_1.jpg", "generic_name": "SWING CORNER (LEFT&RIGHT)", "first_available_date": "2025-04-24", "is_popular": false, "is_new_arrival": true, "is_best_seller": true, "is_offer": false, "is_stock": true, "meta_title": "", "meta_description": ""}}, {"model": "products.product", "pk": 16, "fields": {"category": 10, "name": "WASTE BIN (AUTO LID)", "slug": "waste-bin-auto-lid", "tag": 6, "product_code": "WASTE BIN (AUTO LID)", "sku": null, "details": "Size: W-300mm x H-390mm\r\nCapacity: Capacity 10 Liter\r\nStrong & Sturdy - Made of High Grade Material\r\nFinish: Silver\r\nShape: Round\r\nMaterial: PVC", "rating": 3, "image": "products/dust_bin_1.jpg", "generic_name": "WASTE BIN (AUTO LID)", "first_available_date": "2025-04-24", "is_popular": false, "is_new_arrival": true, "is_best_seller": true, "is_offer": false, "is_stock": true, "meta_title": "", "meta_description": ""}}, {"model": "products.product", "pk": 17, "fields": {"category": 11, "name": "SIDE TALL UNIT BLACK SATIN", "slug": "side-tall-unit-black-satin", "tag": 7, "product_code": null, "sku": null, "details": "", "rating": 5, "image": "products/prod7.jpg", "generic_name": "SIDE TALL UNIT BLACK SATIN", "first_available_date": "2025-04-24", "is_popular": false, "is_new_arrival": true, "is_best_seller": true, "is_offer": false, "is_stock": true, "meta_title": "", "meta_description": ""}}, {"model": "products.product", "pk": 18, "fields": {"category": 11, "name": "SIDE TALL UNIT CHROME LINE", "slug": "side-tall-unit-chrome-line", "tag": 7, "product_code": null, "sku": null, "details": "", "rating": 5, "image": "products/prod7_3snti8N.jpg", "generic_name": "SIDE TALL UNIT CHROME LINE", "first_available_date": "2025-04-24", "is_popular": false, "is_new_arrival": true, "is_best_seller": true, "is_offer": false, "is_stock": true, "meta_title": "", "meta_description": ""}}, {"model": "products.product", "pk": 19, "fields": {"category": 12, "name": "WOODEN CUTLARY", "slug": "wooden-cutlary", "tag": 8, "product_code": null, "sku": null, "details": "Suitable for carcass size of 450-600mm\r\nAdjustable & Detachable as per drawer width\r\nExpandable sides for larger utensils\r\nMaterial - Wooden", "rating": 4, "image": "products/prod8.jpg", "generic_name": "WOODEN CUTLARY", "first_available_date": "2025-04-24", "is_popular": true, "is_new_arrival": true, "is_best_seller": true, "is_offer": false, "is_stock": true, "meta_title": "", "meta_description": ""}}, {"model": "products.productinformation", "pk": 1, "fields": {"product": 3, "name": "SIZE (450mm)", "value": "385X495X1830"}}, {"model": "products.productinformation", "pk": 2, "fields": {"product": 3, "name": "SIZE (600mm)", "value": "535X495X1830"}}, {"model": "products.productinformation", "pk": 3, "fields": {"product": 3, "name": "REMARK", "value": "black glass"}}, {"model": "products.productinformation", "pk": 4, "fields": {"product": 3, "name": "RATE", "value": "3000"}}, {"model": "products.productinformation", "pk": 5, "fields": {"product": 4, "name": "SIZE (450mm)", "value": "385X495X1830"}}, {"model": "products.productinformation", "pk": 6, "fields": {"product": 4, "name": "SIZE (600mm)", "value": "535X495X1830"}}, {"model": "products.productinformation", "pk": 7, "fields": {"product": 4, "name": "REMARK", "value": "Full black"}}, {"model": "products.productinformation", "pk": 8, "fields": {"product": 5, "name": "SIZE (450mm)", "value": "385X495X1830"}}, {"model": "products.productinformation", "pk": 9, "fields": {"product": 5, "name": "SIZE (600mm)", "value": "535X495X1830"}}, {"model": "products.productinformation", "pk": 10, "fields": {"product": 5, "name": "REMARK", "value": "White glass"}}, {"model": "products.productinformation", "pk": 11, "fields": {"product": 6, "name": "SIZE (450mm)", "value": "385X495X1830"}}, {"model": "products.productinformation", "pk": 12, "fields": {"product": 6, "name": "SIZE (600mm)", "value": "535X495X1830"}}, {"model": "products.productinformation", "pk": 13, "fields": {"product": 6, "name": "REMARK", "value": "chrome line"}}, {"model": "products.productinformation", "pk": 14, "fields": {"product": 7, "name": "SIZE", "value": "900X500X600"}}, {"model": "products.productinformation", "pk": 15, "fields": {"product": 7, "name": "REMARK", "value": "black glass"}}, {"model": "products.productinformation", "pk": 16, "fields": {"product": 8, "name": "SIZE", "value": "900X500X600"}}, {"model": "products.productinformation", "pk": 17, "fields": {"product": 8, "name": "REMARK", "value": "Full black"}}, {"model": "products.productinformation", "pk": 18, "fields": {"product": 9, "name": "SIZE", "value": "900X500X600"}}, {"model": "products.productinformation", "pk": 19, "fields": {"product": 9, "name": "REMARK", "value": "White glass"}}, {"model": "products.productinformation", "pk": 20, "fields": {"product": 10, "name": "SIZE", "value": "900X500X600"}}, {"model": "products.productinformation", "pk": 21, "fields": {"product": 10, "name": "REMARK", "value": "chrome line"}}, {"model": "products.productinformation", "pk": 22, "fields": {"product": 11, "name": "SIZE (200mm)", "value": "170X490X490"}}, {"model": "products.productinformation", "pk": 23, "fields": {"product": 11, "name": "SIZE (250mm)", "value": "210X490X490"}}, {"model": "products.productinformation", "pk": 24, "fields": {"product": 11, "name": "SIZE (300mm)", "value": "260X490X490"}}, {"model": "products.productinformation", "pk": 25, "fields": {"product": 11, "name": "REMARK", "value": "black glass"}}, {"model": "products.productinformation", "pk": 26, "fields": {"product": 12, "name": "SIZE (200mm)", "value": "170X490X490"}}, {"model": "products.productinformation", "pk": 27, "fields": {"product": 12, "name": "SIZE (250mm)", "value": "210X490X490"}}, {"model": "products.productinformation", "pk": 28, "fields": {"product": 12, "name": "SIZE (300mm)", "value": "260X490X490"}}, {"model": "products.productinformation", "pk": 29, "fields": {"product": 12, "name": "REMARK", "value": "Full black"}}, {"model": "products.productinformation", "pk": 30, "fields": {"product": 13, "name": "SIZE (200mm)", "value": "170X490X490"}}, {"model": "products.productinformation", "pk": 31, "fields": {"product": 13, "name": "SIZE (250mm)", "value": "210X490X490"}}, {"model": "products.productinformation", "pk": 32, "fields": {"product": 13, "name": "SIZE (300mm)", "value": "260X490X490"}}, {"model": "products.productinformation", "pk": 33, "fields": {"product": 13, "name": "REMARK", "value": "White glass"}}, {"model": "products.productinformation", "pk": 34, "fields": {"product": 14, "name": "SIZE (200mm)", "value": "170X490X490"}}, {"model": "products.productinformation", "pk": 35, "fields": {"product": 14, "name": "SIZE (250mm)", "value": "210X490X490"}}, {"model": "products.productinformation", "pk": 36, "fields": {"product": 14, "name": "SIZE (300mm)", "value": "260X490X490"}}, {"model": "products.productinformation", "pk": 37, "fields": {"product": 14, "name": "REMARK", "value": "chrome line"}}, {"model": "products.productinformation", "pk": 38, "fields": {"product": 15, "name": "SIZE", "value": "790X390X80"}}, {"model": "products.productinformation", "pk": 39, "fields": {"product": 15, "name": "REMARK", "value": "chrome line"}}, {"model": "products.productinformation", "pk": 40, "fields": {"product": 16, "name": "SIZE", "value": "300X330X390"}}, {"model": "products.productinformation", "pk": 41, "fields": {"product": 16, "name": "REMARK", "value": "steel"}}, {"model": "products.productinformation", "pk": 42, "fields": {"product": 17, "name": "SIZE", "value": "260X490X1800"}}, {"model": "products.productinformation", "pk": 43, "fields": {"product": 17, "name": "REMARK", "value": "Full black"}}, {"model": "products.productinformation", "pk": 44, "fields": {"product": 18, "name": "SIZE", "value": "260X490X1800"}}, {"model": "products.productinformation", "pk": 45, "fields": {"product": 18, "name": "REMARK", "value": "Chrome line"}}, {"model": "products.productimage", "pk": 2, "fields": {"product": 3, "image": "products/panry_darkglass_1.jpg"}}, {"model": "products.productimage", "pk": 3, "fields": {"product": 3, "image": "products/panry_darkglass_2.jpg"}}, {"model": "products.productimage", "pk": 5, "fields": {"product": 3, "image": "products/PANTRY-450_GLASS_BIDDING_5OADQtp.jpg"}}, {"model": "products.productimage", "pk": 6, "fields": {"product": 4, "image": "products/pantry_full_black_1_S2rGVDl.jpg"}}, {"model": "products.productimage", "pk": 7, "fields": {"product": 4, "image": "products/pantry_full_black_2.jpg"}}, {"model": "products.productimage", "pk": 8, "fields": {"product": 4, "image": "products/pantry_full_black_3.jpg"}}, {"model": "products.productimage", "pk": 9, "fields": {"product": 4, "image": "products/pantry_full_black_4.jpg"}}, {"model": "products.productimage", "pk": 10, "fields": {"product": 5, "image": "products/pantry_white_glass_1_YtppyrI.jpg"}}, {"model": "products.productimage", "pk": 11, "fields": {"product": 5, "image": "products/pantry_white_glass_2.jpg"}}, {"model": "products.productimage", "pk": 12, "fields": {"product": 5, "image": "products/glass_pantry_3.jpg"}}, {"model": "products.productimage", "pk": 13, "fields": {"product": 6, "image": "products/pantry_chrome_1_xr9Lgef.jpg"}}, {"model": "products.productimage", "pk": 14, "fields": {"product": 6, "image": "products/pantry_chrome_2.jpg"}}, {"model": "products.productimage", "pk": 15, "fields": {"product": 6, "image": "products/pantry_chrome_3.jpg"}}, {"model": "products.productimage", "pk": 16, "fields": {"product": 6, "image": "products/pantry_chrome_4.jpg"}}, {"model": "products.productimage", "pk": 17, "fields": {"product": 7, "image": "products/prod3_NVvNvZo.jpg"}}, {"model": "products.productimage", "pk": 18, "fields": {"product": 7, "image": "products/umc_1.jpg"}}, {"model": "products.productimage", "pk": 19, "fields": {"product": 8, "image": "products/umc_1_CZwlTXK.jpg"}}, {"model": "products.productimage", "pk": 20, "fields": {"product": 8, "image": "products/prod3_rJWHLE6.jpg"}}, {"model": "products.productimage", "pk": 21, "fields": {"product": 9, "image": "products/umc_1_4HaFxeH.jpg"}}, {"model": "products.productimage", "pk": 22, "fields": {"product": 9, "image": "products/prod3_WqncMmd.jpg"}}, {"model": "products.productimage", "pk": 23, "fields": {"product": 10, "image": "products/umc_1_1fyFr6Y.jpg"}}, {"model": "products.productimage", "pk": 24, "fields": {"product": 10, "image": "products/prod3_XVJxP8p.jpg"}}, {"model": "products.productimage", "pk": 25, "fields": {"product": 11, "image": "products/bpo_black_glass_e08OeXc.jpg"}}, {"model": "products.productimage", "pk": 26, "fields": {"product": 12, "image": "products/bpo_full_black_amDaezq.jpg"}}, {"model": "products.productimage", "pk": 27, "fields": {"product": 13, "image": "products/bpo_black_glass_pB8tF4o.jpg"}}, {"model": "products.productimage", "pk": 28, "fields": {"product": 14, "image": "products/bpo_chrome_N0hoOnA.jpg"}}, {"model": "products.productimage", "pk": 29, "fields": {"product": 15, "image": "products/scorener_1_2CJuFcN.jpg"}}, {"model": "products.productimage", "pk": 30, "fields": {"product": 16, "image": "products/dust_bin_1_4svqD0u.jpg"}}, {"model": "products.productimage", "pk": 31, "fields": {"product": 17, "image": "products/prod1.jpg"}}, {"model": "products.productimage", "pk": 32, "fields": {"product": 18, "image": "products/prod7_99jcfjn.jpg"}}, {"model": "products.productimage", "pk": 33, "fields": {"product": 19, "image": "products/prod8_ompymJV.jpg"}}, {"model": "products.availablesize", "pk": 1, "fields": {"product": 3, "weight": 450, "unit": "mm", "sale_price": 17085.0, "regular_price": 33500.0, "barcode": "PANTRY-450 GLASS BIDDING", "is_stock": true}}, {"model": "products.availablesize", "pk": 2, "fields": {"product": 3, "weight": 600, "unit": "mm", "sale_price": 19533.0, "regular_price": 38300.0, "barcode": "PANTRY-600 GLASS BIDDING", "is_stock": true}}, {"model": "products.availablesize", "pk": 3, "fields": {"product": 4, "weight": 450, "unit": "mm", "sale_price": 17085.0, "regular_price": 33500.0, "barcode": "PANTRY-450 BLACK SATIN", "is_stock": true}}, {"model": "products.availablesize", "pk": 4, "fields": {"product": 4, "weight": 600, "unit": "mm", "sale_price": 19533.0, "regular_price": 38300.0, "barcode": "PANTRY-600 BLACK SATIN", "is_stock": true}}, {"model": "products.availablesize", "pk": 5, "fields": {"product": 5, "weight": 450, "unit": "mm", "sale_price": 16320.0, "regular_price": 32000.0, "barcode": "PANTRY-450 GLASS TRANS", "is_stock": true}}, {"model": "products.availablesize", "pk": 6, "fields": {"product": 5, "weight": 600, "unit": "mm", "sale_price": 18870.0, "regular_price": 37000.0, "barcode": "PANTRY-600 GLASS TRANS", "is_stock": true}}, {"model": "products.availablesize", "pk": 7, "fields": {"product": 6, "weight": 450, "unit": "mm", "sale_price": 16881.0, "regular_price": 33100.0, "barcode": "PANTRY-450 CHROME LINE", "is_stock": true}}, {"model": "products.availablesize", "pk": 8, "fields": {"product": 6, "weight": 600, "unit": "mm", "sale_price": 19380.0, "regular_price": 38000.0, "barcode": "PANTRY-6000 CHROME LINE", "is_stock": true}}, {"model": "products.availablesize", "pk": 9, "fields": {"product": 7, "weight": 600, "unit": "mm", "sale_price": 14586.0, "regular_price": 28600.0, "barcode": "UMC- GLASS BIDDING", "is_stock": true}}, {"model": "products.availablesize", "pk": 10, "fields": {"product": 8, "weight": 600, "unit": "mm", "sale_price": 14586.0, "regular_price": 28600.0, "barcode": "UMC-BLACK SATIN", "is_stock": true}}, {"model": "products.availablesize", "pk": 11, "fields": {"product": 9, "weight": 600, "unit": "mm", "sale_price": 14433.0, "regular_price": 28300.0, "barcode": "UMC-GLASS TRANS", "is_stock": true}}, {"model": "products.availablesize", "pk": 12, "fields": {"product": 10, "weight": 600, "unit": "mm", "sale_price": 14280.0, "regular_price": 28000.0, "barcode": "UMC- CHROME LINE", "is_stock": true}}, {"model": "products.availablesize", "pk": 13, "fields": {"product": 11, "weight": 200, "unit": "mm", "sale_price": 4590.0, "regular_price": 9000.0, "barcode": "BPO-GLASS BIDDING 200", "is_stock": true}}, {"model": "products.availablesize", "pk": 14, "fields": {"product": 11, "weight": 250, "unit": "mm", "sale_price": 4896.0, "regular_price": 9600.0, "barcode": "BPO-GLASS BIDDING 250", "is_stock": true}}, {"model": "products.availablesize", "pk": 15, "fields": {"product": 11, "weight": 300, "unit": "mm", "sale_price": 5304.0, "regular_price": 10400.0, "barcode": "BPO-GLASS BIDDING 300", "is_stock": true}}, {"model": "products.availablesize", "pk": 16, "fields": {"product": 12, "weight": 200, "unit": "mm", "sale_price": 4590.0, "regular_price": 9000.0, "barcode": "BPO-BLACK SATIN 200", "is_stock": true}}, {"model": "products.availablesize", "pk": 17, "fields": {"product": 12, "weight": 250, "unit": "mm", "sale_price": 4896.0, "regular_price": 9600.0, "barcode": "BPO-BLACK SATIN 250", "is_stock": true}}, {"model": "products.availablesize", "pk": 18, "fields": {"product": 12, "weight": 300, "unit": "mm", "sale_price": 5304.0, "regular_price": 10400.0, "barcode": "BPO-BLACK SATIN 300", "is_stock": true}}, {"model": "products.availablesize", "pk": 19, "fields": {"product": 13, "weight": 200, "unit": "mm", "sale_price": 4488.0, "regular_price": 8800.0, "barcode": "BPO-GLASS TRNS 200", "is_stock": true}}, {"model": "products.availablesize", "pk": 20, "fields": {"product": 13, "weight": 250, "unit": "mm", "sale_price": 4794.0, "regular_price": 9400.0, "barcode": "BPO-GLASS TRNS 250", "is_stock": true}}, {"model": "products.availablesize", "pk": 21, "fields": {"product": 13, "weight": 300, "unit": "mm", "sale_price": 5202.0, "regular_price": 10200.0, "barcode": "BPO-GLASS TRNS 300", "is_stock": true}}, {"model": "products.availablesize", "pk": 22, "fields": {"product": 14, "weight": 200, "unit": "mm", "sale_price": 4488.0, "regular_price": 8800.0, "barcode": "BPO-CHROME LINE 200", "is_stock": true}}, {"model": "products.availablesize", "pk": 23, "fields": {"product": 14, "weight": 250, "unit": "mm", "sale_price": 4794.0, "regular_price": 9400.0, "barcode": "BPO-CHROME LINE 250", "is_stock": true}}, {"model": "products.availablesize", "pk": 24, "fields": {"product": 14, "weight": 300, "unit": "mm", "sale_price": 5202.0, "regular_price": 10200.0, "barcode": "BPO-CHROME LINE 300", "is_stock": true}}, {"model": "products.availablesize", "pk": 25, "fields": {"product": 15, "weight": 450, "unit": "mm", "sale_price": 7889.0, "regular_price": 16100.0, "barcode": "S CORNER (LEFT&RIGHT)", "is_stock": true}}, {"model": "products.availablesize", "pk": 26, "fields": {"product": 16, "weight": 10, "unit": "ltr", "sale_price": 1989.0, "regular_price": 3900.0, "barcode": "WASTE BIN (AUTO LID)", "is_stock": true}}, {"model": "products.availablesize", "pk": 27, "fields": {"product": 17, "weight": 300, "unit": "mm", "sale_price": 15045.0, "regular_price": 29500.0, "barcode": "SIDE TALL UNIT BLACK SATIN (300)", "is_stock": true}}, {"model": "products.availablesize", "pk": 28, "fields": {"product": 18, "weight": 300, "unit": "mm", "sale_price": 15045.0, "regular_price": 29500.0, "barcode": "SIDE TALL UNIT CHROME LINE(300)", "is_stock": true}}, {"model": "products.availablesize", "pk": 29, "fields": {"product": 19, "weight": 400, "unit": "mm", "sale_price": 3519.0, "regular_price": 6900.0, "barcode": "WOODEN CUTLARY 450", "is_stock": true}}, {"model": "products.availablesize", "pk": 30, "fields": {"product": 19, "weight": 600, "unit": "mm", "sale_price": 3774.0, "regular_price": 7400.0, "barcode": "WOODEN CUTLARY 600", "is_stock": true}}, {"model": "accounts.shippingaddress", "pk": 1, "fields": {"customer": 1, "first_name": "Vibin", "last_name": "Kumar", "address1": "Berlil House", "address2": "Oravampuram", "city": "Pandikkad", "state": "Kerala", "country": "India", "zip_code": "676122", "phone": "9876543210", "is_default": true}}]