[
    {
        "model": "admin_interface.theme",
        "pk": 1,
        "fields": {
            "name": "Django",
            "active": true,
            "title": "Django administration",
            "title_color": "#F5DD5D",
            "title_visible": true,
            "logo": "",
            "logo_color": "#FFFFFF",
            "logo_max_width": 400,
            "logo_max_height": 100,
            "logo_visible": true,
            "favicon": "",
            "env_name": "",
            "env_color": "#E74C3C",
            "env_visible_in_header": true,
            "env_visible_in_favicon": true,
            "language_chooser_active": true,
            "language_chooser_control": "default-select",
            "language_chooser_display": "code",
            "css_header_background_color": "#0C4B33",
            "css_header_text_color": "#44B78B",
            "css_header_link_color": "#FFFFFF",
            "css_header_link_hover_color": "#C9F0DD",
            "css_module_background_color": "#44B78B",
            "css_module_background_selected_color": "#FFFFCC",
            "css_module_text_color": "#FFFFFF",
            "css_module_link_color": "#FFFFFF",
            "css_module_link_selected_color": "#FFFFFF",
            "css_module_link_hover_color": "#C9F0DD",
            "css_module_rounded_corners": true,
            "css_generic_link_color": "#0C3C26",
            "css_generic_link_hover_color": "#156641",
            "css_generic_link_active_color": "#29B864",
            "css_save_button_background_color": "#0C4B33",
            "css_save_button_background_hover_color": "#0C3C26",
            "css_save_button_text_color": "#FFFFFF",
            "css_delete_button_background_color": "#BA2121",
            "css_delete_button_background_hover_color": "#A41515",
            "css_delete_button_text_color": "#FFFFFF",
            "related_modal_active": true,
            "related_modal_background_color": "#000000",
            "related_modal_background_opacity": "0.3",
            "related_modal_rounded_corners": true,
            "related_modal_close_button_visible": true,
            "list_filter_highlight": true,
            "list_filter_dropdown": true,
            "list_filter_sticky": true,
            "list_filter_removal_links": false,
            "foldable_apps": true,
            "show_fieldsets_as_tabs": false,
            "show_inlines_as_tabs": false,
            "collapsible_stacked_inlines": false,
            "collapsible_stacked_inlines_collapsed": true,
            "collapsible_tabular_inlines": false,
            "collapsible_tabular_inlines_collapsed": true,
            "recent_actions_visible": true,
            "form_submit_sticky": false,
            "form_pagination_sticky": false
        }
    },
    {
        "model": "auth.user",
        "pk": 1,
        "fields": {
            "password": "pbkdf2_sha256$600000$BKxpGlpPbiEB4SYbCVgzpA$CAmGMEEitmgrPeQxQWVxPmK+C0iZaWTzydHNbCKMIh4=",
            "last_login": "2023-11-13T18:38:06.673",
            "is_superuser": true,
            "username": "admin",
            "first_name": "",
            "last_name": "",
            "email": "",
            "is_staff": true,
            "is_active": true,
            "date_joined": "2023-11-08T10:27:37.969",
            "groups": [],
            "user_permissions": []
        }
    },
    {
        "model": "auth.user",
        "pk": 2,
        "fields": {
            "password": "pbkdf2_sha256$600000$CYRZRHctVfng7dl2t0aXdk$hKKjBxobp7Wiw7PsXZxKzmfIf/6GZoDkcOHi65VCngw=",
            "last_login": "2023-11-09T03:39:11.681",
            "is_superuser": false,
            "username": "ashna@123",
            "first_name": "",
            "last_name": "",
            "email": "sharfeenako@gmail.com",
            "is_staff": false,
            "is_active": true,
            "date_joined": "2023-11-09T03:39:07.891",
            "groups": [],
            "user_permissions": []
        }
    },
    {
        "model": "auth.user",
        "pk": 3,
        "fields": {
            "password": "pbkdf2_sha256$600000$Y9VK8a2nFD7zOOeELkmoiR$EReaPU86rpNrkzzJoTAQwc0hk97uZvTs1WmAO2riIQo=",
            "last_login": "2023-11-13T18:42:04.058",
            "is_superuser": false,
            "username": "zxcv@123",
            "first_name": "",
            "last_name": "",
            "email": "sharfeenako@gmail.com",
            "is_staff": false,
            "is_active": true,
            "date_joined": "2023-11-09T22:37:43.867",
            "groups": [],
            "user_permissions": []
        }
    },
    {
        "model": "auth.user",
        "pk": 4,
        "fields": {
            "password": "pbkdf2_sha256$600000$Aug8Ox49mt1GmdOITmik2X$ObOjNz11ffJMyiUsR7YH7l/5A1ZCj/u1qkzT45D2oEw=",
            "last_login": "2023-11-12T08:58:45.182",
            "is_superuser": false,
            "username": "user1",
            "first_name": "",
            "last_name": "",
            "email": "abdurahimc98@gmail.com",
            "is_staff": false,
            "is_active": true,
            "date_joined": "2023-11-12T08:58:44.152",
            "groups": [],
            "user_permissions": []
        }
    },
    {
        "model": "sessions.session",
        "pk": "i4e183ayxsmgf3ag5yvgkq5mwfil3xyn",
        "fields": {
            "session_data": ".eJxVjMsOwiAUBf-FtSEtFC64dO83NNwHUjU0Ke3K-O_apAvdnpk5LzWmbS3j1mQZJ1Zn1avT74aJHlJ3wPdUb7Omua7LhHpX9EGbvs4sz8vh_h2U1Mq3hkARcm8GNj0KZHQOEX0cCM0gNooX9miRcrQ5SoBgwIUOOks-ArN6fwD0ajgq:1r0lPK:L94SyA8GD22woMPol0sXeGehCeMDd2yQuJ3lGrcflSk",
            "expire_date": "2023-11-22T10:27:58.679"
        }
    },
    {
        "model": "sessions.session",
        "pk": "kfr8fop6n2gsecx9r9wkrg1dlhql3fw4",
        "fields": {
            "session_data": ".eJxVjMsOwiAUBf-FtSEtFC64dO83NNwHUjU0Ke3K-O_apAvdnpk5LzWmbS3j1mQZJ1Zn1avT74aJHlJ3wPdUb7Omua7LhHpX9EGbvs4sz8vh_h2U1Mq3hkARcm8GNj0KZHQOEX0cCM0gNooX9miRcrQ5SoBgwIUOOks-ArN6fwD0ajgq:1r0uyx:suNOMSjVxjXTs2t8c3JeHZA8LOLyiOeI3vhPMlGuRQw",
            "expire_date": "2023-11-22T20:41:23.761"
        }
    },
    {
        "model": "sessions.session",
        "pk": "lbbg8v5svek6rf58990ao6irfwx6hbhb",
        "fields": {
            "session_data": ".eJxVjDsOwjAQBe_iGln-xR9Kes5geddrHEC2FCcV4u4QKQW0b2bei8W0rTVug5Y4Z3Zmmp1-N0j4oLaDfE_t1jn2ti4z8F3hBx382jM9L4f7d1DTqN_aBizSeI1CgxRSGIs6JOuVIXBZSFWwZI_kwRdyEpAmAI0qZIc-pIm9P96UOGU:1r2hVE:K70YvDcY_P3l4o5CADmKvWrEh8Epm1HB6Sp2edqER8s",
            "expire_date": "2023-11-27T18:42:04.062"
        }
    },
    {
        "model": "sessions.session",
        "pk": "qwsz3csz4r89c5yqsi7zfpjs22wq75a7",
        "fields": {
            "session_data": ".eJxVjDsOwyAUBO9CHSFIAIPL9DmDtTyeg5MIS_5Ulu8eLLlI2p2Z3USHdcndOvPUDUm0QovL7xZBby4HSC-U5yhpLMs0RHko8qSzfIyJP_fT_TvImHOtAQq3qJxXDUEro_wVwTa2964nZWOdjAns4ClYB0qGFXrHYG10TespYVpEu-37FxJZOxI:1r1Rnn:d-Fi66bMSRortbB_pRNjzKYjeW4SKMbFa8sKYKX-umg",
            "expire_date": "2023-11-24T07:44:03.540"
        }
    },
    {
        "model": "sessions.session",
        "pk": "vhlhwie3u7xiezavdr9o68hozlxl4ik7",
        "fields": {
            "session_data": ".eJxVjDsOwyAUBO9CHSFIAIPL9DmDtTyeg5MIS_5Ulu8eLLlI2p2Z3USHdcndOvPUDUm0QovL7xZBby4HSC-U5yhpLMs0RHko8qSzfIyJP_fT_TvImHOtAQq3qJxXDUEro_wVwTa2964nZWOdjAns4ClYB0qGFXrHYG10TespYVpEu-37FxJZOxI:1r2V49:zf-NEf4-YqkSCGF4C3Sv5j4w92d6o3nHTKqOLRUo44Q",
            "expire_date": "2023-11-27T05:25:17.656"
        }
    },
    {
        "model": "sessions.session",
        "pk": "wfxaq1pu001tfongvwjgmsd40yj4rxhs",
        "fields": {
            "session_data": ".eJxVjDsOwyAUBO9CHSFIAIPL9DmDtTyeg5MIS_5Ulu8eLLlI2p2Z3USHdcndOvPUDUm0QovL7xZBby4HSC-U5yhpLMs0RHko8qSzfIyJP_fT_TvImHOtAQq3qJxXDUEro_wVwTa2964nZWOdjAns4ClYB0qGFXrHYG10TespYVpEu-37FxJZOxI:1r2MwS:sjrnB_vcnF3PxnYAhLKXbZqx3rx2QL96LyUjurbiblg",
            "expire_date": "2023-11-26T20:44:48.477"
        }
    },
    {
        "model": "order.cartitem",
        "pk": 46,
        "fields": {
            "user": 1,
            "product": 2,
            "variant": "400g",
            "price": 200,
            "quantity": 3,
            "is_offer_applied": false
        }
    },
    {
        "model": "order.cartitem",
        "pk": 47,
        "fields": {
            "user": 1,
            "product": 1,
            "variant": "250g",
            "price": 140,
            "quantity": 1,
            "is_offer_applied": false
        }
    },
    {
        "model": "order.cartitem",
        "pk": 48,
        "fields": {
            "user": 1,
            "product": 1,
            "variant": "500g",
            "price": 250,
            "quantity": 1,
            "is_offer_applied": false
        }
    },
    {
        "model": "order.cartitem",
        "pk": 49,
        "fields": {
            "user": 3,
            "product": 1,
            "variant": "250g",
            "price": 140,
            "quantity": 1,
            "is_offer_applied": false
        }
    },
    {
        "model": "order.cartitem",
        "pk": 50,
        "fields": {
            "user": 3,
            "product": 2,
            "variant": "1kg",
            "price": 500,
            "quantity": 1,
            "is_offer_applied": false
        }
    },
    {
        "model": "order.cartitem",
        "pk": 51,
        "fields": {
            "user": 3,
            "product": 2,
            "variant": "400g",
            "price": 200,
            "quantity": 1,
            "is_offer_applied": false
        }
    },
    {
        "model": "order.wishlist",
        "pk": 20,
        "fields": {
            "user": 1,
            "product": 2,
            "variant": " Spicy Lime Pickle - 400 g ",
            "price": 200
        }
    },
    {
        "model": "order.wishlist",
        "pk": 21,
        "fields": {
            "user": 1,
            "product": 1,
            "variant": " Green Mango Pickle - 250 g ",
            "price": 140
        }
    },
    {
        "model": "order.wishlist",
        "pk": 22,
        "fields": {
            "user": 3,
            "product": 2,
            "variant": " Spicy Lime Pickle - 400 g ",
            "price": 200
        }
    },
    {
        "model": "products.slider",
        "pk": 1,
        "fields": {
            "title": "Opening Sale Discount 50%",
            "image": "slider/slide-1.jpg",
            "sub_head": "SuperMarket For Fresh Grocery",
            "content": "Introduced a new model for online grocery shopping and convenient home delivery."
        }
    },
    {
        "model": "products.slider",
        "pk": 2,
        "fields": {
            "title": "Free Shipping - orders over ₹100",
            "image": "slider/slider-2.jpg",
            "sub_head": "SuperMarket For Fresh Grocery",
            "content": "Free Shipping to First-Time Customers Only, After promotions and discounts are applied."
        }
    },
    {
        "model": "products.category",
        "pk": 4,
        "fields": {
            "name": "Mango Pickles",
            "slug": "mango-pickles",
            "image": "categories/mango-pickle.png",
            "status": "Published"
        }
    },
    {
        "model": "products.category",
        "pk": 5,
        "fields": {
            "name": "Lime Pickles",
            "slug": "lime-pickles",
            "image": "categories/Lime-Pickles.png",
            "status": "Published"
        }
    },
    {
        "model": "products.category",
        "pk": 6,
        "fields": {
            "name": "Mixed Vegetable Pickles",
            "slug": "mixed-vegetable-pickles",
            "image": "categories/mixed-Pickles.png",
            "status": "Published"
        }
    },
    {
        "model": "products.category",
        "pk": 7,
        "fields": {
            "name": "Fish Pickles",
            "slug": "fish-pickles",
            "image": "categories/fish-Pickles.png",
            "status": "Published"
        }
    },
    {
        "model": "products.category",
        "pk": 8,
        "fields": {
            "name": "Jackfruit Pickles",
            "slug": "jackfruit-pickles",
            "image": "categories/Jackfruit-Pickles.png",
            "status": "Published"
        }
    },
    {
        "model": "products.tag",
        "pk": 1,
        "fields": {
            "name": "Sale",
            "background_color": "success"
        }
    },
    {
        "model": "products.tag",
        "pk": 2,
        "fields": {
            "name": "Hot",
            "background_color": "danger"
        }
    },
    {
        "model": "products.product",
        "pk": 1,
        "fields": {
            "category": 4,
            "name": "Green Mango Pickle",
            "slug": "green-mango-pickle",
            "tag": 1,
            "product_code": "9876",
            "sku": "BV8766",
            "details": "<p>Green mango pickle, also known as \"Raw Mango Pickle,\" is a popular and tangy condiment made from unripe, green mangoes. This type of pickle is beloved in many parts of India and is appreciated for its spicy and sour flavor. Here's a basic recipe for making Green Mango Pickle:</p>\r\n<p><strong>Ingredients:</strong></p>\r\n<ul>\r\n<li>2-3 large green mangoes, washed and cut into small, bite-sized pieces</li>\r\n<li>3-4 tablespoons of mustard seeds</li>\r\n<li>1 tablespoon of fenugreek seeds</li>\r\n<li>2-3 tablespoons of red chili powder (adjust to your preferred spice level)</li>\r\n<li>1 teaspoon of turmeric powder</li>\r\n<li>A pinch of asafoetida (hing)</li>\r\n<li>Salt, to taste</li>\r\n<li>Cooking oil, preferably mustard oil, for seasoning</li>\r\n</ul>",
            "rating": 3,
            "image": "products/green-mango.png",
            "generic_name": "Green mango",
            "first_available_date": "2023-11-08",
            "is_popular": true,
            "is_new_arrival": false,
            "is_best_seller": true,
            "is_offer": false,
            "is_stock": true,
            "meta_title": "Delicious Green Mango Pickle Recipe | Tangy & Spicy Homemade Aam Ka Achar",
            "meta_description": "Learn how to make the best Green Mango Pickle at home with our easy-to-follow recipe. Enjoy the tangy and spicy flavors of this traditional Indian achar made from fresh green mangoes. Perfect for enhancing your meals or gifting to friends and family."
        }
    },
    {
        "model": "products.product",
        "pk": 2,
        "fields": {
            "category": 5,
            "name": "Spicy Lime Pickle",
            "slug": "spicy-lime-pickle",
            "tag": 2,
            "product_code": "987644",
            "sku": "BV87663234",
            "details": "<p>Experience the vibrant and bold flavors of our Spicy Lime Pickle, a mouthwatering condiment that is sure to tantalize your taste buds. Made with the finest quality limes and an exquisite blend of handpicked spices, this pickle delivers a perfect balance of tanginess and spiciness that's deeply satisfying.</p>\r\n<p>Our Spicy Lime Pickle is a culinary masterpiece, meticulously crafted to bring a burst of flavor to your meals. Each lime is carefully selected for its freshness and juiciness, ensuring that every bite is a delightful explosion of taste. The limes are expertly combined with a secret blend of spices, which gives this pickle its unique and fiery character.</p>\r\n<p>Whether you enjoy it with hot, fluffy rice, or as a zesty accompaniment to your favorite flatbreads, our Spicy Lime Pickle is the perfect addition to elevate your dining experience. It pairs exceptionally well with curries, grilled dishes, and sandwiches, making it a versatile choice for enhancing your culinary creations.</p>",
            "rating": 5,
            "image": "products/lemon-mango.png",
            "generic_name": "Lively Lime Achar",
            "first_available_date": "2023-11-08",
            "is_popular": true,
            "is_new_arrival": true,
            "is_best_seller": true,
            "is_offer": true,
            "is_stock": true,
            "meta_title": "Spicy Lime Pickle Recipe | Homemade Tangy and Fiery Lime Achar",
            "meta_description": "Discover the art of preparing Spicy Lime Pickle at home with our step-by-step recipe. Experience the zesty and fiery flavors of this classic Indian pickle made from tangy limes, spiced to perfection. Elevate your meals with a burst of spice and zest!"
        }
    },
    {
        "model": "products.product",
        "pk": 3,
        "fields": {
            "category": 5,
            "name": "Sweet lemon pickle",
            "slug": "sweet-lemon-pickle",
            "tag": 1,
            "product_code": "qwerty",
            "sku": "147",
            "details": "<p><strong>Ingredients:</strong></p>\r\n<ul>\r\n<li>Sweet Lemons: These are the key ingredient and are often chosen for their slightly sweet and tangy flavor.</li>\r\n<li>Spices: Common spices used in sweet lemon pickle include mustard seeds, fenugreek seeds, cumin seeds, asafoetida, red chili powder, and turmeric.</li>\r\n<li>Seasonings: The pickle is typically flavored with salt, sugar, and lemon juice.</li>\r\n<li>Oil: Mustard oil is often used for its distinct flavor, but other vegetable oils can be used as well.</li>\r\n<li>Vinegar: Some recipes may call for vinegar to enhance the tanginess.</li>\r\n<li>Garlic: Some variations of sweet lemon pickle include garlic cloves for added flavor.</li>\r\n</ul>\r\n<p><strong>Preparation:</strong></p>\r\n<ul>\r\n<li>The sweet lemons are thoroughly washed and cut into small pieces or slices.</li>\r\n<li>They are then marinated with salt and lemon juice to reduce bitterness and enhance their flavor.</li>\r\n<li>The spices and seasonings are roasted in oil to release their flavors and are then added to the lemon mixture.</li>\r\n<li>The mixture is allowed to sit for several days to allow the flavors to meld and the lemons to absorb the spices.</li>\r\n</ul>\r\n<p><strong>Variations:</strong></p>\r\n<ul>\r\n<li>Sweet lemon pickle can be made in various regional styles, and ingredients may vary accordingly.</li>\r\n<li>Some variations may include additional ingredients like ginger, jaggery, or tamarind for added complexity.</li>\r\n</ul>\r\n<p><strong>Serving:</strong></p>\r\n<ul>\r\n<li>Sweet lemon pickle is typically served as a condiment or side dish to complement main meals.</li>\r\n<li>It can be enjoyed with rice, roti, paratha, or as an accompaniment to Indian dishes.</li>\r\n</ul>\r\n<p><strong>Storage:</strong></p>\r\n<ul>\r\n<li>Sweet lemon pickle is a long-lasting condiment. It should be stored in a clean, dry, and airtight container.</li>\r\n<li>When stored properly, it can last for several months or even longer, as the preservation process acts as a natural preservative.</li>\r\n</ul>\r\n<p>Please note that recipes and variations may differ by region and individual preferences. If you're looking for a specific recipe, feel free to ask for it, and I can provide you with a basic recipe for making sweet lemon pickle.</p>",
            "rating": 4,
            "image": "products/product-img-1.jpg",
            "generic_name": "spicy pickle",
            "first_available_date": "2023-11-05",
            "is_popular": false,
            "is_new_arrival": true,
            "is_best_seller": true,
            "is_offer": false,
            "is_stock": true,
            "meta_title": "gfwrege",
            "meta_description": "gerfdg"
        }
    },
    {
        "model": "products.productinformation",
        "pk": 1,
        "fields": {
            "product": 1,
            "name": "weight",
            "value": "200g"
        }
    },
    {
        "model": "products.productinformation",
        "pk": 2,
        "fields": {
            "product": 1,
            "name": "Ingredient Type",
            "value": "Vegetarian"
        }
    },
    {
        "model": "products.productinformation",
        "pk": 3,
        "fields": {
            "product": 1,
            "name": "Brand",
            "value": "Dmart"
        }
    },
    {
        "model": "products.productimage",
        "pk": 1,
        "fields": {
            "product": 1,
            "image": "products/green-mang-800-600.png"
        }
    },
    {
        "model": "products.productimage",
        "pk": 2,
        "fields": {
            "product": 1,
            "image": "products/green-mang-800-600_1.png"
        }
    },
    {
        "model": "products.productimage",
        "pk": 3,
        "fields": {
            "product": 1,
            "image": "products/green-mang-800-600_2.png"
        }
    },
    {
        "model": "products.productimage",
        "pk": 4,
        "fields": {
            "product": 1,
            "image": "products/green-mang-800-600_3.png"
        }
    },
    {
        "model": "products.productimage",
        "pk": 5,
        "fields": {
            "product": 2,
            "image": "products/lemon-800-600.png"
        }
    },
    {
        "model": "products.productimage",
        "pk": 6,
        "fields": {
            "product": 2,
            "image": "products/lemon-800-600_1.png"
        }
    },
    {
        "model": "products.productimage",
        "pk": 7,
        "fields": {
            "product": 2,
            "image": "products/lemon-800-600_2.png"
        }
    },
    {
        "model": "products.productimage",
        "pk": 8,
        "fields": {
            "product": 3,
            "image": "products/product-img-3.jpg"
        }
    },
    {
        "model": "products.productimage",
        "pk": 9,
        "fields": {
            "product": 3,
            "image": "products/product-img-3_vgeAKT8.jpg"
        }
    },
    {
        "model": "products.productimage",
        "pk": 10,
        "fields": {
            "product": 3,
            "image": "products/product-img-3_ZuXCwgk.jpg"
        }
    },
    {
        "model": "products.availablesize",
        "pk": 1,
        "fields": {
            "product": 1,
            "weight": 250,
            "unit": "g",
            "sale_price": 140.0,
            "regular_price": 180.0,
            "barcode": "#876555",
            "is_stock": true
        }
    },
    {
        "model": "products.availablesize",
        "pk": 2,
        "fields": {
            "product": 1,
            "weight": 500,
            "unit": "g",
            "sale_price": 250.0,
            "regular_price": 300.0,
            "barcode": "#987867",
            "is_stock": true
        }
    },
    {
        "model": "products.availablesize",
        "pk": 3,
        "fields": {
            "product": 2,
            "weight": 400,
            "unit": "g",
            "sale_price": 200.0,
            "regular_price": 250.0,
            "barcode": "12345667",
            "is_stock": true
        }
    },
    {
        "model": "products.availablesize",
        "pk": 4,
        "fields": {
            "product": 2,
            "weight": 500,
            "unit": "g",
            "sale_price": 250.0,
            "regular_price": 300.0,
            "barcode": "6543216665",
            "is_stock": true
        }
    },
    {
        "model": "products.availablesize",
        "pk": 5,
        "fields": {
            "product": 2,
            "weight": 1,
            "unit": "kg",
            "sale_price": 500.0,
            "regular_price": 600.0,
            "barcode": "346564",
            "is_stock": true
        }
    },
    {
        "model": "products.availablesize",
        "pk": 6,
        "fields": {
            "product": 3,
            "weight": 3,
            "unit": "g",
            "sale_price": 100.0,
            "regular_price": 200.0,
            "barcode": "#fghhj",
            "is_stock": true
        }
    },
    {
        "model": "products.availablesize",
        "pk": 7,
        "fields": {
            "product": 3,
            "weight": 1,
            "unit": "kg",
            "sale_price": 200.0,
            "regular_price": 300.0,
            "barcode": "#hjkl",
            "is_stock": true
        }
    },
    {
        "model": "products.offer",
        "pk": 1,
        "fields": {
            "title": "Fruits & Vegetables Pickle",
            "image": "Offers/grocery-banner.png",
            "offer": 30
        }
    },
    {
        "model": "products.offer",
        "pk": 2,
        "fields": {
            "title": "Freshly Baked Pickle",
            "image": "Offers/grocery-banner-2.jpg",
            "offer": 25
        }
    },
    {
        "model": "products.offerproduct",
        "pk": 1,
        "fields": {
            "offer": 1,
            "product": 1
        }
    },
    {
        "model": "products.offerproduct",
        "pk": 2,
        "fields": {
            "offer": 2,
            "product": 3
        }
    },
    {
        "model": "products.review",
        "pk": 8,
        "fields": {
            "product": 1,
            "user": 2,
            "profile": "profile_images/image-085_DLxRyFF.jpg",
            "headline": "sdsd",
            "content": "sdsds",
            "created_at": "2023-11-09T04:56:16.642",
            "approval": true
        }
    },
    {
        "model": "products.review",
        "pk": 9,
        "fields": {
            "product": 2,
            "user": 3,
            "profile": "profile_images/image-085.jpg",
            "headline": "gfdgf",
            "content": "fgfgfgf",
            "created_at": "2023-11-09T05:00:48.886",
            "approval": true
        }
    }
]