[{"model": "products.slider", "pk": 1, "fields": {"title": "slide1", "image": "slider/hero-img-slider-1.jpg", "sub_head": "thisi sfgsg", "content": "asgd ag"}}, {"model": "products.slider", "pk": 2, "fields": {"title": "slider 2", "image": "slider/slide-1.jpg", "sub_head": "asgtsd", "content": "rjoasdfgsdgsdfg  astgfasdg sadgf"}}, {"model": "products.category", "pk": 5, "fields": {"name": "Pantry Tall Unit", "slug": "pantry-tall-unit", "image": "categories/prod1-JPy3TPvH.jpg", "status": "Published"}}, {"model": "products.category", "pk": 6, "fields": {"name": "Swing Corner", "slug": "swing-corner", "image": "categories/prod2-mfWGldTo.jpg", "status": "Published"}}, {"model": "products.category", "pk": 7, "fields": {"name": "Magic Corner", "slug": "magic-corner", "image": "categories/prod3-DkAFyVWr.jpg", "status": "Published"}}, {"model": "products.category", "pk": 8, "fields": {"name": "Wooden Wicker Basket", "slug": "wooden-wicker-basket", "image": "categories/prod4-BiNmm1zv.jpg", "status": "Published"}}, {"model": "products.category", "pk": 9, "fields": {"name": "Bottle Pull Out", "slug": "bottle-pull-out", "image": "categories/prod5-BFD9B9ih.jpg", "status": "Published"}}, {"model": "products.category", "pk": 10, "fields": {"name": "Waste Bin", "slug": "waste-bin", "image": "categories/prod6-BTNPEbrx.jpg", "status": "Published"}}, {"model": "products.category", "pk": 11, "fields": {"name": "Side Tall Unit", "slug": "side-tall-unit", "image": "categories/prod7-BGtxFvZB.jpg", "status": "Published"}}, {"model": "products.category", "pk": 12, "fields": {"name": "Wooden Cutlary", "slug": "wooden-cutlary", "image": "categories/prod8-SiI7r2Xv.jpg", "status": "Published"}}, {"model": "products.tag", "pk": 1, "fields": {"name": "drawers", "background_color": "danger"}}, {"model": "products.tag", "pk": 2, "fields": {"name": "pantry", "background_color": "danger"}}, {"model": "products.tag", "pk": 3, "fields": {"name": "magic corner", "background_color": "success"}}, {"model": "products.tag", "pk": 4, "fields": {"name": "bottle pull out", "background_color": "info"}}, {"model": "products.tag", "pk": 5, "fields": {"name": "swing corner", "background_color": "warning"}}, {"model": "products.tag", "pk": 6, "fields": {"name": "waste bin", "background_color": "primary"}}, {"model": "products.tag", "pk": 7, "fields": {"name": "side tall unit", "background_color": "secondary"}}, {"model": "products.tag", "pk": 8, "fields": {"name": "wooden cutlary", "background_color": "dark"}}, {"model": "products.product", "pk": 3, "fields": {"category": 5, "name": "PANTRY GLASS BIDDING", "slug": "pantry-glass-bidding", "tag": 2, "product_code": "PANTRY-450 GLASS BIDDING", "sku": null, "details": "Perfect connections between basket and door.\r\nSoft close feature ensures effortless functioning.\r\nIn-built slide-out mechanism for easy accessibility.\r\nClear classification, more storage space, convenient and smooth operation.\r\nTandem Pantry Unit bottom slider is tested with 50,000 cycle.\r\nThis kitchen pantry unit is ideal for pantry storage of 450mm & 600mm wide cabinets.\r\nColor – black / Glass.", "rating": 5, "image": "products/PANTRY-450_GLASS_BIDDING.jpg", "generic_name": "PANTRY GLASS BIDDING", "first_available_date": "2025-04-23", "is_popular": false, "is_new_arrival": true, "is_best_seller": true, "is_offer": false, "is_stock": true, "meta_title": "", "meta_description": ""}}, {"model": "products.product", "pk": 4, "fields": {"category": 5, "name": "PANTRY BLACK SATIN", "slug": "pantry-black-satin", "tag": 2, "product_code": "PANTRY-450 BLACK SATIN", "sku": null, "details": "Perfect connections between basket and door.\r\nSoft close feature ensures effortless functioning.\r\nIn-built slide-out mechanism for easy accessibility.\r\nClear classification, more storage space, convenient and smooth operation.\r\nTandem Pantry Unit bottom slider is tested with 50,000 cycle.\r\nIdeal for pantry storage of 450mm & 600mm wide cabinets.\r\nFinish - Dark Grey.", "rating": 3, "image": "products/pantry_full_black_1.jpg", "generic_name": "Pantry Black Satin", "first_available_date": "2025-04-24", "is_popular": false, "is_new_arrival": true, "is_best_seller": true, "is_offer": false, "is_stock": true, "meta_title": "", "meta_description": ""}}, {"model": "products.product", "pk": 5, "fields": {"category": 5, "name": "PANTRY GLASS TRANS", "slug": "pantry-glass-trans", "tag": 2, "product_code": "PANTRY-450 GLASS TRANS", "sku": null, "details": "Perfect connections between basket and door.\r\nSoft close feature ensures effortless functioning.\r\nIn-built slide-out mechanism for easy accessibility.\r\nClear classification, more storage space, convenient and smooth operation.\r\nTandem Pantry Unit bottom slider is tested with 50,000 cycle.\r\nThis kitchen pantry unit is ideal for pantry storage of 450mm & 600mm wide cabinets.\r\nColor – White glass.", "rating": 3, "image": "products/pantry_white_glass_1.jpg", "generic_name": "PANTRY GLASS TRANS", "first_available_date": "2025-04-24", "is_popular": false, "is_new_arrival": true, "is_best_seller": true, "is_offer": false, "is_stock": true, "meta_title": "", "meta_description": ""}}, {"model": "products.product", "pk": 6, "fields": {"category": 5, "name": "PANTRY CHROME LINE", "slug": "pantry-chrome-line", "tag": 2, "product_code": null, "sku": null, "details": "Perfect connections between basket and door.\r\nSoft close feature ensures effortless functioning.\r\nIn-built slide-out mechanism for easy accessibility.\r\nClear classification, more storage space, convenient and smooth operation.\r\nTandem Pantry Unit bottom slider is tested with 50,000 cycle.\r\nThis kitchen pantry unit is ideal for pantry storage of 450mm & 600mm wide cabinets.\r\nColor – Chrome line.", "rating": 3, "image": "products/pantry_chrome_1.jpg", "generic_name": "PANTRY CHROME LINE", "first_available_date": "2025-04-24", "is_popular": true, "is_new_arrival": true, "is_best_seller": true, "is_offer": true, "is_stock": true, "meta_title": "", "meta_description": ""}}, {"model": "products.product", "pk": 7, "fields": {"category": 7, "name": "MAGIC CORNER GLASS BIDDING", "slug": "magic-corner-glass-bidding", "tag": 3, "product_code": "UMC- GLASS BIDDING", "sku": null, "details": "Optimal use of corner space.\r\nOffering users with variants featuring exclusive designs.\r\nSolid base 4 basket.\r\nMechanism with soft close system.\r\nSame mechanism can be used for both left and right corner.\r\nLoading capacity: 16 kg, 4 kg per basket recommended.\r\nProduct Size W 900 x D 500 x H 600 mm.\r\nCabinet door width 450 mm.\r\nFinish: Black Glass/ Chrome Line/ Full Black/ White Glass", "rating": 3, "image": "products/prod3.jpg", "generic_name": "MAGIC CORNER GLASS BIDDING", "first_available_date": "2025-04-24", "is_popular": false, "is_new_arrival": true, "is_best_seller": true, "is_offer": false, "is_stock": true, "meta_title": "", "meta_description": ""}}, {"model": "products.product", "pk": 8, "fields": {"category": 7, "name": "MAGIC CORNER BLACK SATIN", "slug": "magic-corner-black-satin", "tag": 3, "product_code": "UMC-BLACK SATIN", "sku": null, "details": "Optimal use of corner space. Offering users with variants featuring exclusive designs. Solid base 4 basket. Mechanism with soft close system. Same mechanism can be used for both left and right corner. Loading capacity: 16 kg, 4 kg per basket recommended. Product Size W 900 x D 500 x H 600 mm. Cabinet door width 450 mm. Finish: Black Glass/ Chrome Line/ Full Black/ White Glass", "rating": 3, "image": "products/umc_1_Bf8oUpn.jpg", "generic_name": "MAGIC CORNER BLACK SATIN", "first_available_date": "2025-04-24", "is_popular": true, "is_new_arrival": true, "is_best_seller": true, "is_offer": false, "is_stock": true, "meta_title": "", "meta_description": ""}}, {"model": "products.product", "pk": 9, "fields": {"category": 7, "name": "MAGIC CORNER GLASS TRANS", "slug": "magic-corner-glass-trans", "tag": 3, "product_code": "UMC-GLASS TRANS", "sku": null, "details": "Optimal use of corner space. Offering users with variants featuring exclusive designs. Solid base 4 basket. Mechanism with soft close system. Same mechanism can be used for both left and right corner. Loading capacity: 16 kg, 4 kg per basket recommended. Product Size W 900 x D 500 x H 600 mm. Cabinet door width 450 mm. Finish: Black Glass/ Chrome Line/ Full Black/ White Glass", "rating": 3, "image": "products/prod3dvffdsfv.jpg", "generic_name": "MAGIC CORNER GLASS TRANS", "first_available_date": "2025-04-24", "is_popular": true, "is_new_arrival": true, "is_best_seller": true, "is_offer": false, "is_stock": true, "meta_title": "", "meta_description": ""}}, {"model": "products.product", "pk": 10, "fields": {"category": 7, "name": "MAGIC CORNER CHROME LINE", "slug": "magic-corner-chrome-line", "tag": 3, "product_code": "UMC- CHROME LINE", "sku": null, "details": "Optimal use of corner space. Offering users with variants featuring exclusive designs. Solid base 4 basket. Mechanism with soft close system. Same mechanism can be used for both left and right corner. Loading capacity: 16 kg, 4 kg per basket recommended. Product Size W 900 x D 500 x H 600 mm. Cabinet door width 450 mm. Finish: Black Glass/ Chrome Line/ Full Black/ White Glass", "rating": 3, "image": "products/umc_1_ccrA5es.jpg", "generic_name": "MAGIC CORNER CHROME LINE", "first_available_date": "2025-04-24", "is_popular": false, "is_new_arrival": true, "is_best_seller": true, "is_offer": false, "is_stock": true, "meta_title": "", "meta_description": ""}}, {"model": "products.product", "pk": 11, "fields": {"category": 9, "name": "BOTTLE PULL OUT GLASS BIDDING", "slug": "bottle-pull-out-glass-bidding", "tag": 4, "product_code": null, "sku": null, "details": "Pull outs base units in a kitchen are very practical and allow easy access to items such as tea, coffee, spice jars and bottles.\r\nPull outs storage for multiple items comes with 2 layers and 3 layer options\r\nStandard Carcase Widths: 200, 250, 300 mm\r\nFinish: Full Black, Black Glass, White Glass and Chrome Line\r\nPull outs frame comes with concealed soft close slides", "rating": 3, "image": "products/bpo_black_glass.jpg", "generic_name": "BOTTLE PULL OUT GLASS BIDDING", "first_available_date": "2025-04-24", "is_popular": false, "is_new_arrival": true, "is_best_seller": true, "is_offer": false, "is_stock": true, "meta_title": "", "meta_description": ""}}, {"model": "products.product", "pk": 12, "fields": {"category": 9, "name": "BOTTLE PULL OUT BLACK SATIN", "slug": "bottle-pull-out-black-satin", "tag": 4, "product_code": null, "sku": null, "details": "Pull outs base units in a kitchen are very practical and allow easy access to items such as tea, coffee, spice jars and bottles. Pull outs storage for multiple items comes with 2 layers and 3 layer options.\r\nStandard Carcase Widths: 200, 250, 300 mm.\r\nFinish: Full Black, Black Glass, White Glass and Chrome Line. \r\nPull outs frame comes with concealed soft close slides", "rating": 3, "image": "products/bpo_full_black.jpg", "generic_name": "BOTTLE PULL OUT BLACK SATIN", "first_available_date": "2025-04-24", "is_popular": false, "is_new_arrival": true, "is_best_seller": true, "is_offer": false, "is_stock": true, "meta_title": "", "meta_description": ""}}, {"model": "products.product", "pk": 13, "fields": {"category": 9, "name": "BOTTLE PULL OUT GLASS TRNS", "slug": "bottle-pull-out-glass-trns", "tag": 4, "product_code": null, "sku": null, "details": "Pull outs base units in a kitchen are very practical and allow easy access to items such as tea, coffee, spice jars and bottles. Pull outs storage for multiple items comes with 2 layers and 3 layer options. Standard Carcase Widths: 200, 250, 300 mm. Finish: Full Black, Black Glass, White Glass and Chrome Line. Pull outs frame comes with concealed soft close slides", "rating": 5, "image": "products/bpo_black_glass_Zs4hyVs.jpg", "generic_name": "BOTTLE PULL OUT GLASS TRNS", "first_available_date": "2025-04-24", "is_popular": false, "is_new_arrival": true, "is_best_seller": true, "is_offer": false, "is_stock": true, "meta_title": "", "meta_description": ""}}, {"model": "products.product", "pk": 14, "fields": {"category": 9, "name": "BOTTLE PULL OUT CHROME LINE", "slug": "bottle-pull-out-chrome-line", "tag": 4, "product_code": null, "sku": null, "details": "Pull outs base units in a kitchen are very practical and allow easy access to items such as tea, coffee, spice jars and bottles. Pull outs storage for multiple items comes with 2 layers and 3 layer options. Standard Carcase Widths: 200, 250, 300 mm. Finish: Full Black, Black Glass, White Glass and Chrome Line. Pull outs frame comes with concealed soft close slides", "rating": 3, "image": "products/bpo_chrome.jpg", "generic_name": "BOTTLE PULL OUT CHROME LINE", "first_available_date": "2025-04-24", "is_popular": true, "is_new_arrival": true, "is_best_seller": true, "is_offer": false, "is_stock": true, "meta_title": "", "meta_description": ""}}, {"model": "products.product", "pk": 15, "fields": {"category": 6, "name": "SWING CORNER (LEFT&RIGHT)", "slug": "swing-corner-leftright", "tag": 5, "product_code": "S CORNER (LEFT&RIGHT)", "sku": null, "details": "Optimal use of corner space.\r\nWooden base changeable for oval line shelf.\r\nHeight adjustable upright column and trays.\r\nOption of multiple layer trays.\r\nMax 7 Kg capacity for each swing trays.\r\nMinmium door opening space 450mm.\r\nSuitable cabinet size: WxDxH 790 mm x 390mm x 80 mm\r\nAvailable in Two variants with Left or Right opening \r\nFinish: Chrome Line", "rating": 3, "image": "products/scorener_1.jpg", "generic_name": "SWING CORNER (LEFT&RIGHT)", "first_available_date": "2025-04-24", "is_popular": false, "is_new_arrival": true, "is_best_seller": true, "is_offer": false, "is_stock": true, "meta_title": "", "meta_description": ""}}, {"model": "products.product", "pk": 16, "fields": {"category": 10, "name": "WASTE BIN (AUTO LID)", "slug": "waste-bin-auto-lid", "tag": 6, "product_code": "WASTE BIN (AUTO LID)", "sku": null, "details": "Size: W-300mm x H-390mm\r\nCapacity: Capacity 10 Liter\r\nStrong & Sturdy - Made of High Grade Material\r\nFinish: Silver\r\nShape: Round\r\nMaterial: PVC", "rating": 3, "image": "products/dust_bin_1.jpg", "generic_name": "WASTE BIN (AUTO LID)", "first_available_date": "2025-04-24", "is_popular": false, "is_new_arrival": true, "is_best_seller": true, "is_offer": false, "is_stock": true, "meta_title": "", "meta_description": ""}}, {"model": "products.product", "pk": 17, "fields": {"category": 11, "name": "SIDE TALL UNIT BLACK SATIN", "slug": "side-tall-unit-black-satin", "tag": 7, "product_code": null, "sku": null, "details": "", "rating": 5, "image": "products/prod7.jpg", "generic_name": "SIDE TALL UNIT BLACK SATIN", "first_available_date": "2025-04-24", "is_popular": false, "is_new_arrival": true, "is_best_seller": true, "is_offer": false, "is_stock": true, "meta_title": "", "meta_description": ""}}, {"model": "products.product", "pk": 18, "fields": {"category": 11, "name": "SIDE TALL UNIT CHROME LINE", "slug": "side-tall-unit-chrome-line", "tag": 7, "product_code": null, "sku": null, "details": "", "rating": 5, "image": "products/prod7_3snti8N.jpg", "generic_name": "SIDE TALL UNIT CHROME LINE", "first_available_date": "2025-04-24", "is_popular": false, "is_new_arrival": true, "is_best_seller": true, "is_offer": false, "is_stock": true, "meta_title": "", "meta_description": ""}}, {"model": "products.product", "pk": 19, "fields": {"category": 12, "name": "WOODEN CUTLARY", "slug": "wooden-cutlary", "tag": 8, "product_code": null, "sku": null, "details": "Suitable for carcass size of 450-600mm\r\nAdjustable & Detachable as per drawer width\r\nExpandable sides for larger utensils\r\nMaterial - Wooden", "rating": 4, "image": "products/prod8.jpg", "generic_name": "WOODEN CUTLARY", "first_available_date": "2025-04-24", "is_popular": true, "is_new_arrival": true, "is_best_seller": true, "is_offer": false, "is_stock": true, "meta_title": "", "meta_description": ""}}, {"model": "products.productinformation", "pk": 1, "fields": {"product": 3, "name": "SIZE (450mm)", "value": "385X495X1830"}}, {"model": "products.productinformation", "pk": 2, "fields": {"product": 3, "name": "SIZE (600mm)", "value": "535X495X1830"}}, {"model": "products.productinformation", "pk": 3, "fields": {"product": 3, "name": "REMARK", "value": "black glass"}}, {"model": "products.productinformation", "pk": 4, "fields": {"product": 3, "name": "RATE", "value": "3000"}}, {"model": "products.productinformation", "pk": 5, "fields": {"product": 4, "name": "SIZE (450mm)", "value": "385X495X1830"}}, {"model": "products.productinformation", "pk": 6, "fields": {"product": 4, "name": "SIZE (600mm)", "value": "535X495X1830"}}, {"model": "products.productinformation", "pk": 7, "fields": {"product": 4, "name": "REMARK", "value": "Full black"}}, {"model": "products.productinformation", "pk": 8, "fields": {"product": 5, "name": "SIZE (450mm)", "value": "385X495X1830"}}, {"model": "products.productinformation", "pk": 9, "fields": {"product": 5, "name": "SIZE (600mm)", "value": "535X495X1830"}}, {"model": "products.productinformation", "pk": 10, "fields": {"product": 5, "name": "REMARK", "value": "White glass"}}, {"model": "products.productinformation", "pk": 11, "fields": {"product": 6, "name": "SIZE (450mm)", "value": "385X495X1830"}}, {"model": "products.productinformation", "pk": 12, "fields": {"product": 6, "name": "SIZE (600mm)", "value": "535X495X1830"}}, {"model": "products.productinformation", "pk": 13, "fields": {"product": 6, "name": "REMARK", "value": "chrome line"}}, {"model": "products.productinformation", "pk": 14, "fields": {"product": 7, "name": "SIZE", "value": "900X500X600"}}, {"model": "products.productinformation", "pk": 15, "fields": {"product": 7, "name": "REMARK", "value": "black glass"}}, {"model": "products.productinformation", "pk": 16, "fields": {"product": 8, "name": "SIZE", "value": "900X500X600"}}, {"model": "products.productinformation", "pk": 17, "fields": {"product": 8, "name": "REMARK", "value": "Full black"}}, {"model": "products.productinformation", "pk": 18, "fields": {"product": 9, "name": "SIZE", "value": "900X500X600"}}, {"model": "products.productinformation", "pk": 19, "fields": {"product": 9, "name": "REMARK", "value": "White glass"}}, {"model": "products.productinformation", "pk": 20, "fields": {"product": 10, "name": "SIZE", "value": "900X500X600"}}, {"model": "products.productinformation", "pk": 21, "fields": {"product": 10, "name": "REMARK", "value": "chrome line"}}, {"model": "products.productinformation", "pk": 22, "fields": {"product": 11, "name": "SIZE (200mm)", "value": "170X490X490"}}, {"model": "products.productinformation", "pk": 23, "fields": {"product": 11, "name": "SIZE (250mm)", "value": "210X490X490"}}, {"model": "products.productinformation", "pk": 24, "fields": {"product": 11, "name": "SIZE (300mm)", "value": "260X490X490"}}, {"model": "products.productinformation", "pk": 25, "fields": {"product": 11, "name": "REMARK", "value": "black glass"}}, {"model": "products.productinformation", "pk": 26, "fields": {"product": 12, "name": "SIZE (200mm)", "value": "170X490X490"}}, {"model": "products.productinformation", "pk": 27, "fields": {"product": 12, "name": "SIZE (250mm)", "value": "210X490X490"}}, {"model": "products.productinformation", "pk": 28, "fields": {"product": 12, "name": "SIZE (300mm)", "value": "260X490X490"}}, {"model": "products.productinformation", "pk": 29, "fields": {"product": 12, "name": "REMARK", "value": "Full black"}}, {"model": "products.productinformation", "pk": 30, "fields": {"product": 13, "name": "SIZE (200mm)", "value": "170X490X490"}}, {"model": "products.productinformation", "pk": 31, "fields": {"product": 13, "name": "SIZE (250mm)", "value": "210X490X490"}}, {"model": "products.productinformation", "pk": 32, "fields": {"product": 13, "name": "SIZE (300mm)", "value": "260X490X490"}}, {"model": "products.productinformation", "pk": 33, "fields": {"product": 13, "name": "REMARK", "value": "White glass"}}, {"model": "products.productinformation", "pk": 34, "fields": {"product": 14, "name": "SIZE (200mm)", "value": "170X490X490"}}, {"model": "products.productinformation", "pk": 35, "fields": {"product": 14, "name": "SIZE (250mm)", "value": "210X490X490"}}, {"model": "products.productinformation", "pk": 36, "fields": {"product": 14, "name": "SIZE (300mm)", "value": "260X490X490"}}, {"model": "products.productinformation", "pk": 37, "fields": {"product": 14, "name": "REMARK", "value": "chrome line"}}, {"model": "products.productinformation", "pk": 38, "fields": {"product": 15, "name": "SIZE", "value": "790X390X80"}}, {"model": "products.productinformation", "pk": 39, "fields": {"product": 15, "name": "REMARK", "value": "chrome line"}}, {"model": "products.productinformation", "pk": 40, "fields": {"product": 16, "name": "SIZE", "value": "300X330X390"}}, {"model": "products.productinformation", "pk": 41, "fields": {"product": 16, "name": "REMARK", "value": "steel"}}, {"model": "products.productinformation", "pk": 42, "fields": {"product": 17, "name": "SIZE", "value": "260X490X1800"}}, {"model": "products.productinformation", "pk": 43, "fields": {"product": 17, "name": "REMARK", "value": "Full black"}}, {"model": "products.productinformation", "pk": 44, "fields": {"product": 18, "name": "SIZE", "value": "260X490X1800"}}, {"model": "products.productinformation", "pk": 45, "fields": {"product": 18, "name": "REMARK", "value": "Chrome line"}}, {"model": "products.productimage", "pk": 2, "fields": {"product": 3, "image": "products/panry_darkglass_1.jpg"}}, {"model": "products.productimage", "pk": 3, "fields": {"product": 3, "image": "products/panry_darkglass_2.jpg"}}, {"model": "products.productimage", "pk": 5, "fields": {"product": 3, "image": "products/PANTRY-450_GLASS_BIDDING_5OADQtp.jpg"}}, {"model": "products.productimage", "pk": 6, "fields": {"product": 4, "image": "products/pantry_full_black_1_S2rGVDl.jpg"}}, {"model": "products.productimage", "pk": 7, "fields": {"product": 4, "image": "products/pantry_full_black_2.jpg"}}, {"model": "products.productimage", "pk": 8, "fields": {"product": 4, "image": "products/pantry_full_black_3.jpg"}}, {"model": "products.productimage", "pk": 9, "fields": {"product": 4, "image": "products/pantry_full_black_4.jpg"}}, {"model": "products.productimage", "pk": 10, "fields": {"product": 5, "image": "products/pantry_white_glass_1_YtppyrI.jpg"}}, {"model": "products.productimage", "pk": 11, "fields": {"product": 5, "image": "products/pantry_white_glass_2.jpg"}}, {"model": "products.productimage", "pk": 12, "fields": {"product": 5, "image": "products/glass_pantry_3.jpg"}}, {"model": "products.productimage", "pk": 13, "fields": {"product": 6, "image": "products/pantry_chrome_1_xr9Lgef.jpg"}}, {"model": "products.productimage", "pk": 14, "fields": {"product": 6, "image": "products/pantry_chrome_2.jpg"}}, {"model": "products.productimage", "pk": 15, "fields": {"product": 6, "image": "products/pantry_chrome_3.jpg"}}, {"model": "products.productimage", "pk": 16, "fields": {"product": 6, "image": "products/pantry_chrome_4.jpg"}}, {"model": "products.productimage", "pk": 17, "fields": {"product": 7, "image": "products/prod3_NVvNvZo.jpg"}}, {"model": "products.productimage", "pk": 18, "fields": {"product": 7, "image": "products/umc_1.jpg"}}, {"model": "products.productimage", "pk": 19, "fields": {"product": 8, "image": "products/umc_1_CZwlTXK.jpg"}}, {"model": "products.productimage", "pk": 20, "fields": {"product": 8, "image": "products/prod3_rJWHLE6.jpg"}}, {"model": "products.productimage", "pk": 21, "fields": {"product": 9, "image": "products/umc_1_4HaFxeH.jpg"}}, {"model": "products.productimage", "pk": 22, "fields": {"product": 9, "image": "products/prod3_WqncMmd.jpg"}}, {"model": "products.productimage", "pk": 23, "fields": {"product": 10, "image": "products/umc_1_1fyFr6Y.jpg"}}, {"model": "products.productimage", "pk": 24, "fields": {"product": 10, "image": "products/prod3_XVJxP8p.jpg"}}, {"model": "products.productimage", "pk": 25, "fields": {"product": 11, "image": "products/bpo_black_glass_e08OeXc.jpg"}}, {"model": "products.productimage", "pk": 26, "fields": {"product": 12, "image": "products/bpo_full_black_amDaezq.jpg"}}, {"model": "products.productimage", "pk": 27, "fields": {"product": 13, "image": "products/bpo_black_glass_pB8tF4o.jpg"}}, {"model": "products.productimage", "pk": 28, "fields": {"product": 14, "image": "products/bpo_chrome_N0hoOnA.jpg"}}, {"model": "products.productimage", "pk": 29, "fields": {"product": 15, "image": "products/scorener_1_2CJuFcN.jpg"}}, {"model": "products.productimage", "pk": 30, "fields": {"product": 16, "image": "products/dust_bin_1_4svqD0u.jpg"}}, {"model": "products.productimage", "pk": 31, "fields": {"product": 17, "image": "products/prod1.jpg"}}, {"model": "products.productimage", "pk": 32, "fields": {"product": 18, "image": "products/prod7_99jcfjn.jpg"}}, {"model": "products.productimage", "pk": 33, "fields": {"product": 19, "image": "products/prod8_ompymJV.jpg"}}, {"model": "products.availablesize", "pk": 1, "fields": {"product": 3, "weight": 450, "unit": "mm", "sale_price": 17085.0, "regular_price": 33500.0, "barcode": "PANTRY-450 GLASS BIDDING", "is_stock": true}}, {"model": "products.availablesize", "pk": 2, "fields": {"product": 3, "weight": 600, "unit": "mm", "sale_price": 19533.0, "regular_price": 38300.0, "barcode": "PANTRY-600 GLASS BIDDING", "is_stock": true}}, {"model": "products.availablesize", "pk": 3, "fields": {"product": 4, "weight": 450, "unit": "mm", "sale_price": 17085.0, "regular_price": 33500.0, "barcode": "PANTRY-450 BLACK SATIN", "is_stock": true}}, {"model": "products.availablesize", "pk": 4, "fields": {"product": 4, "weight": 600, "unit": "mm", "sale_price": 19533.0, "regular_price": 38300.0, "barcode": "PANTRY-600 BLACK SATIN", "is_stock": true}}, {"model": "products.availablesize", "pk": 5, "fields": {"product": 5, "weight": 450, "unit": "mm", "sale_price": 16320.0, "regular_price": 32000.0, "barcode": "PANTRY-450 GLASS TRANS", "is_stock": true}}, {"model": "products.availablesize", "pk": 6, "fields": {"product": 5, "weight": 600, "unit": "mm", "sale_price": 18870.0, "regular_price": 37000.0, "barcode": "PANTRY-600 GLASS TRANS", "is_stock": true}}, {"model": "products.availablesize", "pk": 7, "fields": {"product": 6, "weight": 450, "unit": "mm", "sale_price": 16881.0, "regular_price": 33100.0, "barcode": "PANTRY-450 CHROME LINE", "is_stock": true}}, {"model": "products.availablesize", "pk": 8, "fields": {"product": 6, "weight": 600, "unit": "mm", "sale_price": 19380.0, "regular_price": 38000.0, "barcode": "PANTRY-6000 CHROME LINE", "is_stock": true}}, {"model": "products.availablesize", "pk": 9, "fields": {"product": 7, "weight": 600, "unit": "mm", "sale_price": 14586.0, "regular_price": 28600.0, "barcode": "UMC- GLASS BIDDING", "is_stock": true}}, {"model": "products.availablesize", "pk": 10, "fields": {"product": 8, "weight": 600, "unit": "mm", "sale_price": 14586.0, "regular_price": 28600.0, "barcode": "UMC-BLACK SATIN", "is_stock": true}}, {"model": "products.availablesize", "pk": 11, "fields": {"product": 9, "weight": 600, "unit": "mm", "sale_price": 14433.0, "regular_price": 28300.0, "barcode": "UMC-GLASS TRANS", "is_stock": true}}, {"model": "products.availablesize", "pk": 12, "fields": {"product": 10, "weight": 600, "unit": "mm", "sale_price": 14280.0, "regular_price": 28000.0, "barcode": "UMC- CHROME LINE", "is_stock": true}}, {"model": "products.availablesize", "pk": 13, "fields": {"product": 11, "weight": 200, "unit": "mm", "sale_price": 4590.0, "regular_price": 9000.0, "barcode": "BPO-GLASS BIDDING 200", "is_stock": true}}, {"model": "products.availablesize", "pk": 14, "fields": {"product": 11, "weight": 250, "unit": "mm", "sale_price": 4896.0, "regular_price": 9600.0, "barcode": "BPO-GLASS BIDDING 250", "is_stock": true}}, {"model": "products.availablesize", "pk": 15, "fields": {"product": 11, "weight": 300, "unit": "mm", "sale_price": 5304.0, "regular_price": 10400.0, "barcode": "BPO-GLASS BIDDING 300", "is_stock": true}}, {"model": "products.availablesize", "pk": 16, "fields": {"product": 12, "weight": 200, "unit": "mm", "sale_price": 4590.0, "regular_price": 9000.0, "barcode": "BPO-BLACK SATIN 200", "is_stock": true}}, {"model": "products.availablesize", "pk": 17, "fields": {"product": 12, "weight": 250, "unit": "mm", "sale_price": 4896.0, "regular_price": 9600.0, "barcode": "BPO-BLACK SATIN 250", "is_stock": true}}, {"model": "products.availablesize", "pk": 18, "fields": {"product": 12, "weight": 300, "unit": "mm", "sale_price": 5304.0, "regular_price": 10400.0, "barcode": "BPO-BLACK SATIN 300", "is_stock": true}}, {"model": "products.availablesize", "pk": 19, "fields": {"product": 13, "weight": 200, "unit": "mm", "sale_price": 4488.0, "regular_price": 8800.0, "barcode": "BPO-GLASS TRNS 200", "is_stock": true}}, {"model": "products.availablesize", "pk": 20, "fields": {"product": 13, "weight": 250, "unit": "mm", "sale_price": 4794.0, "regular_price": 9400.0, "barcode": "BPO-GLASS TRNS 250", "is_stock": true}}, {"model": "products.availablesize", "pk": 21, "fields": {"product": 13, "weight": 300, "unit": "mm", "sale_price": 5202.0, "regular_price": 10200.0, "barcode": "BPO-GLASS TRNS 300", "is_stock": true}}, {"model": "products.availablesize", "pk": 22, "fields": {"product": 14, "weight": 200, "unit": "mm", "sale_price": 4488.0, "regular_price": 8800.0, "barcode": "BPO-CHROME LINE 200", "is_stock": true}}, {"model": "products.availablesize", "pk": 23, "fields": {"product": 14, "weight": 250, "unit": "mm", "sale_price": 4794.0, "regular_price": 9400.0, "barcode": "BPO-CHROME LINE 250", "is_stock": true}}, {"model": "products.availablesize", "pk": 24, "fields": {"product": 14, "weight": 300, "unit": "mm", "sale_price": 5202.0, "regular_price": 10200.0, "barcode": "BPO-CHROME LINE 300", "is_stock": true}}, {"model": "products.availablesize", "pk": 25, "fields": {"product": 15, "weight": 450, "unit": "mm", "sale_price": 7889.0, "regular_price": 16100.0, "barcode": "S CORNER (LEFT&RIGHT)", "is_stock": true}}, {"model": "products.availablesize", "pk": 26, "fields": {"product": 16, "weight": 10, "unit": "ltr", "sale_price": 1989.0, "regular_price": 3900.0, "barcode": "WASTE BIN (AUTO LID)", "is_stock": true}}, {"model": "products.availablesize", "pk": 27, "fields": {"product": 17, "weight": 300, "unit": "mm", "sale_price": 15045.0, "regular_price": 29500.0, "barcode": "SIDE TALL UNIT BLACK SATIN (300)", "is_stock": true}}, {"model": "products.availablesize", "pk": 28, "fields": {"product": 18, "weight": 300, "unit": "mm", "sale_price": 15045.0, "regular_price": 29500.0, "barcode": "SIDE TALL UNIT CHROME LINE(300)", "is_stock": true}}, {"model": "products.availablesize", "pk": 29, "fields": {"product": 19, "weight": 400, "unit": "mm", "sale_price": 3519.0, "regular_price": 6900.0, "barcode": "WOODEN CUTLARY 450", "is_stock": true}}, {"model": "products.availablesize", "pk": 30, "fields": {"product": 19, "weight": 600, "unit": "mm", "sale_price": 3774.0, "regular_price": 7400.0, "barcode": "WOODEN CUTLARY 600", "is_stock": true}}]