[{"model": "admin_interface.theme", "pk": 1, "fields": {"name": "Django", "active": true, "title": "Django administration", "title_color": "#F5DD5D", "title_visible": true, "logo": "", "logo_color": "#FFFFFF", "logo_max_width": 400, "logo_max_height": 100, "logo_visible": true, "favicon": "", "env_name": "", "env_color": "#E74C3C", "env_visible_in_header": true, "env_visible_in_favicon": true, "language_chooser_active": true, "language_chooser_control": "default-select", "language_chooser_display": "code", "css_header_background_color": "#0C4B33", "css_header_text_color": "#44B78B", "css_header_link_color": "#FFFFFF", "css_header_link_hover_color": "#C9F0DD", "css_module_background_color": "#44B78B", "css_module_background_selected_color": "#FFFFCC", "css_module_text_color": "#FFFFFF", "css_module_link_color": "#FFFFFF", "css_module_link_selected_color": "#FFFFFF", "css_module_link_hover_color": "#C9F0DD", "css_module_rounded_corners": true, "css_generic_link_color": "#0C3C26", "css_generic_link_hover_color": "#156641", "css_generic_link_active_color": "#29B864", "css_save_button_background_color": "#0C4B33", "css_save_button_background_hover_color": "#0C3C26", "css_save_button_text_color": "#FFFFFF", "css_delete_button_background_color": "#BA2121", "css_delete_button_background_hover_color": "#A41515", "css_delete_button_text_color": "#FFFFFF", "related_modal_active": true, "related_modal_background_color": "#000000", "related_modal_background_opacity": "0.3", "related_modal_rounded_corners": true, "related_modal_close_button_visible": true, "list_filter_highlight": true, "list_filter_dropdown": true, "list_filter_sticky": true, "list_filter_removal_links": false, "foldable_apps": true, "show_fieldsets_as_tabs": false, "show_inlines_as_tabs": false, "collapsible_stacked_inlines": false, "collapsible_stacked_inlines_collapsed": true, "collapsible_tabular_inlines": false, "collapsible_tabular_inlines_collapsed": true, "recent_actions_visible": true, "form_submit_sticky": false, "form_pagination_sticky": false}}, {"model": "admin.logentry", "pk": 1, "fields": {"action_time": "2025-05-26T04:40:07.172Z", "user": 1, "content_type": 25, "object_id": "1", "object_repr": "banner2", "action_flag": 1, "change_message": "[{\"added\": {}}]"}}, {"model": "admin.logentry", "pk": 2, "fields": {"action_time": "2025-05-26T04:41:31.299Z", "user": 1, "content_type": 25, "object_id": "2", "object_repr": "banner1", "action_flag": 1, "change_message": "[{\"added\": {}}]"}}, {"model": "auth.permission", "pk": 1, "fields": {"name": "Can add registration profile", "content_type": 1, "codename": "add_registrationprofile"}}, {"model": "auth.permission", "pk": 2, "fields": {"name": "Can change registration profile", "content_type": 1, "codename": "change_registrationprofile"}}, {"model": "auth.permission", "pk": 3, "fields": {"name": "Can delete registration profile", "content_type": 1, "codename": "delete_registrationprofile"}}, {"model": "auth.permission", "pk": 4, "fields": {"name": "Can view registration profile", "content_type": 1, "codename": "view_registrationprofile"}}, {"model": "auth.permission", "pk": 5, "fields": {"name": "Can add supervised registration profile", "content_type": 2, "codename": "add_supervisedregistrationprofile"}}, {"model": "auth.permission", "pk": 6, "fields": {"name": "Can change supervised registration profile", "content_type": 2, "codename": "change_supervisedregistrationprofile"}}, {"model": "auth.permission", "pk": 7, "fields": {"name": "Can delete supervised registration profile", "content_type": 2, "codename": "delete_supervisedregistrationprofile"}}, {"model": "auth.permission", "pk": 8, "fields": {"name": "Can view supervised registration profile", "content_type": 2, "codename": "view_supervisedregistrationprofile"}}, {"model": "auth.permission", "pk": 9, "fields": {"name": "Can add Theme", "content_type": 3, "codename": "add_theme"}}, {"model": "auth.permission", "pk": 10, "fields": {"name": "Can change Theme", "content_type": 3, "codename": "change_theme"}}, {"model": "auth.permission", "pk": 11, "fields": {"name": "Can delete Theme", "content_type": 3, "codename": "delete_theme"}}, {"model": "auth.permission", "pk": 12, "fields": {"name": "Can view Theme", "content_type": 3, "codename": "view_theme"}}, {"model": "auth.permission", "pk": 13, "fields": {"name": "Can add log entry", "content_type": 4, "codename": "add_logentry"}}, {"model": "auth.permission", "pk": 14, "fields": {"name": "Can change log entry", "content_type": 4, "codename": "change_logentry"}}, {"model": "auth.permission", "pk": 15, "fields": {"name": "Can delete log entry", "content_type": 4, "codename": "delete_logentry"}}, {"model": "auth.permission", "pk": 16, "fields": {"name": "Can view log entry", "content_type": 4, "codename": "view_logentry"}}, {"model": "auth.permission", "pk": 17, "fields": {"name": "Can add permission", "content_type": 5, "codename": "add_permission"}}, {"model": "auth.permission", "pk": 18, "fields": {"name": "Can change permission", "content_type": 5, "codename": "change_permission"}}, {"model": "auth.permission", "pk": 19, "fields": {"name": "Can delete permission", "content_type": 5, "codename": "delete_permission"}}, {"model": "auth.permission", "pk": 20, "fields": {"name": "Can view permission", "content_type": 5, "codename": "view_permission"}}, {"model": "auth.permission", "pk": 21, "fields": {"name": "Can add group", "content_type": 6, "codename": "add_group"}}, {"model": "auth.permission", "pk": 22, "fields": {"name": "Can change group", "content_type": 6, "codename": "change_group"}}, {"model": "auth.permission", "pk": 23, "fields": {"name": "Can delete group", "content_type": 6, "codename": "delete_group"}}, {"model": "auth.permission", "pk": 24, "fields": {"name": "Can view group", "content_type": 6, "codename": "view_group"}}, {"model": "auth.permission", "pk": 25, "fields": {"name": "Can add user", "content_type": 7, "codename": "add_user"}}, {"model": "auth.permission", "pk": 26, "fields": {"name": "Can change user", "content_type": 7, "codename": "change_user"}}, {"model": "auth.permission", "pk": 27, "fields": {"name": "Can delete user", "content_type": 7, "codename": "delete_user"}}, {"model": "auth.permission", "pk": 28, "fields": {"name": "Can view user", "content_type": 7, "codename": "view_user"}}, {"model": "auth.permission", "pk": 29, "fields": {"name": "Can add content type", "content_type": 8, "codename": "add_contenttype"}}, {"model": "auth.permission", "pk": 30, "fields": {"name": "Can change content type", "content_type": 8, "codename": "change_contenttype"}}, {"model": "auth.permission", "pk": 31, "fields": {"name": "Can delete content type", "content_type": 8, "codename": "delete_contenttype"}}, {"model": "auth.permission", "pk": 32, "fields": {"name": "Can view content type", "content_type": 8, "codename": "view_contenttype"}}, {"model": "auth.permission", "pk": 33, "fields": {"name": "Can add session", "content_type": 9, "codename": "add_session"}}, {"model": "auth.permission", "pk": 34, "fields": {"name": "Can change session", "content_type": 9, "codename": "change_session"}}, {"model": "auth.permission", "pk": 35, "fields": {"name": "Can delete session", "content_type": 9, "codename": "delete_session"}}, {"model": "auth.permission", "pk": 36, "fields": {"name": "Can view session", "content_type": 9, "codename": "view_session"}}, {"model": "auth.permission", "pk": 37, "fields": {"name": "Can add contact", "content_type": 10, "codename": "add_contact"}}, {"model": "auth.permission", "pk": 38, "fields": {"name": "Can change contact", "content_type": 10, "codename": "change_contact"}}, {"model": "auth.permission", "pk": 39, "fields": {"name": "Can delete contact", "content_type": 10, "codename": "delete_contact"}}, {"model": "auth.permission", "pk": 40, "fields": {"name": "Can view contact", "content_type": 10, "codename": "view_contact"}}, {"model": "auth.permission", "pk": 41, "fields": {"name": "Can add custom order", "content_type": 11, "codename": "add_customorder"}}, {"model": "auth.permission", "pk": 42, "fields": {"name": "Can change custom order", "content_type": 11, "codename": "change_customorder"}}, {"model": "auth.permission", "pk": 43, "fields": {"name": "Can delete custom order", "content_type": 11, "codename": "delete_customorder"}}, {"model": "auth.permission", "pk": 44, "fields": {"name": "Can view custom order", "content_type": 11, "codename": "view_customorder"}}, {"model": "auth.permission", "pk": 45, "fields": {"name": "Can add testimonial", "content_type": 12, "codename": "add_testimonial"}}, {"model": "auth.permission", "pk": 46, "fields": {"name": "Can change testimonial", "content_type": 12, "codename": "change_testimonial"}}, {"model": "auth.permission", "pk": 47, "fields": {"name": "Can delete testimonial", "content_type": 12, "codename": "delete_testimonial"}}, {"model": "auth.permission", "pk": 48, "fields": {"name": "Can view testimonial", "content_type": 12, "codename": "view_testimonial"}}, {"model": "auth.permission", "pk": 49, "fields": {"name": "Can add customer", "content_type": 13, "codename": "add_customer"}}, {"model": "auth.permission", "pk": 50, "fields": {"name": "Can change customer", "content_type": 13, "codename": "change_customer"}}, {"model": "auth.permission", "pk": 51, "fields": {"name": "Can delete customer", "content_type": 13, "codename": "delete_customer"}}, {"model": "auth.permission", "pk": 52, "fields": {"name": "Can view customer", "content_type": 13, "codename": "view_customer"}}, {"model": "auth.permission", "pk": 53, "fields": {"name": "Can add Order", "content_type": 14, "codename": "add_order"}}, {"model": "auth.permission", "pk": 54, "fields": {"name": "Can change Order", "content_type": 14, "codename": "change_order"}}, {"model": "auth.permission", "pk": 55, "fields": {"name": "Can delete Order", "content_type": 14, "codename": "delete_order"}}, {"model": "auth.permission", "pk": 56, "fields": {"name": "Can view Order", "content_type": 14, "codename": "view_order"}}, {"model": "auth.permission", "pk": 57, "fields": {"name": "Can add Order Item", "content_type": 15, "codename": "add_orderitem"}}, {"model": "auth.permission", "pk": 58, "fields": {"name": "Can change Order Item", "content_type": 15, "codename": "change_orderitem"}}, {"model": "auth.permission", "pk": 59, "fields": {"name": "Can delete Order Item", "content_type": 15, "codename": "delete_orderitem"}}, {"model": "auth.permission", "pk": 60, "fields": {"name": "Can view Order Item", "content_type": 15, "codename": "view_orderitem"}}, {"model": "auth.permission", "pk": 61, "fields": {"name": "Can add shipping fee", "content_type": 16, "codename": "add_shippingfee"}}, {"model": "auth.permission", "pk": 62, "fields": {"name": "Can change shipping fee", "content_type": 16, "codename": "change_shippingfee"}}, {"model": "auth.permission", "pk": 63, "fields": {"name": "Can delete shipping fee", "content_type": 16, "codename": "delete_shippingfee"}}, {"model": "auth.permission", "pk": 64, "fields": {"name": "Can view shipping fee", "content_type": 16, "codename": "view_shippingfee"}}, {"model": "auth.permission", "pk": 65, "fields": {"name": "Can add state", "content_type": 17, "codename": "add_state"}}, {"model": "auth.permission", "pk": 66, "fields": {"name": "Can change state", "content_type": 17, "codename": "change_state"}}, {"model": "auth.permission", "pk": 67, "fields": {"name": "Can delete state", "content_type": 17, "codename": "delete_state"}}, {"model": "auth.permission", "pk": 68, "fields": {"name": "Can view state", "content_type": 17, "codename": "view_state"}}, {"model": "auth.permission", "pk": 69, "fields": {"name": "Can add district", "content_type": 18, "codename": "add_district"}}, {"model": "auth.permission", "pk": 70, "fields": {"name": "Can change district", "content_type": 18, "codename": "change_district"}}, {"model": "auth.permission", "pk": 71, "fields": {"name": "Can delete district", "content_type": 18, "codename": "delete_district"}}, {"model": "auth.permission", "pk": 72, "fields": {"name": "Can view district", "content_type": 18, "codename": "view_district"}}, {"model": "auth.permission", "pk": 73, "fields": {"name": "Can add Brand", "content_type": 19, "codename": "add_brands"}}, {"model": "auth.permission", "pk": 74, "fields": {"name": "Can change Brand", "content_type": 19, "codename": "change_brands"}}, {"model": "auth.permission", "pk": 75, "fields": {"name": "Can delete Brand", "content_type": 19, "codename": "delete_brands"}}, {"model": "auth.permission", "pk": 76, "fields": {"name": "Can view Brand", "content_type": 19, "codename": "view_brands"}}, {"model": "auth.permission", "pk": 77, "fields": {"name": "Can add Category", "content_type": 20, "codename": "add_category"}}, {"model": "auth.permission", "pk": 78, "fields": {"name": "Can change Category", "content_type": 20, "codename": "change_category"}}, {"model": "auth.permission", "pk": 79, "fields": {"name": "Can delete Category", "content_type": 20, "codename": "delete_category"}}, {"model": "auth.permission", "pk": 80, "fields": {"name": "Can view Category", "content_type": 20, "codename": "view_category"}}, {"model": "auth.permission", "pk": 81, "fields": {"name": "Can add Product", "content_type": 21, "codename": "add_product"}}, {"model": "auth.permission", "pk": 82, "fields": {"name": "Can change Product", "content_type": 21, "codename": "change_product"}}, {"model": "auth.permission", "pk": 83, "fields": {"name": "Can delete Product", "content_type": 21, "codename": "delete_product"}}, {"model": "auth.permission", "pk": 84, "fields": {"name": "Can view Product", "content_type": 21, "codename": "view_product"}}, {"model": "auth.permission", "pk": 85, "fields": {"name": "Can add Available Size", "content_type": 22, "codename": "add_availablesize"}}, {"model": "auth.permission", "pk": 86, "fields": {"name": "Can change Available Size", "content_type": 22, "codename": "change_availablesize"}}, {"model": "auth.permission", "pk": 87, "fields": {"name": "Can delete Available Size", "content_type": 22, "codename": "delete_availablesize"}}, {"model": "auth.permission", "pk": 88, "fields": {"name": "Can view Available Size", "content_type": 22, "codename": "view_availablesize"}}, {"model": "auth.permission", "pk": 89, "fields": {"name": "Can add Product Image", "content_type": 23, "codename": "add_productimage"}}, {"model": "auth.permission", "pk": 90, "fields": {"name": "Can change Product Image", "content_type": 23, "codename": "change_productimage"}}, {"model": "auth.permission", "pk": 91, "fields": {"name": "Can delete Product Image", "content_type": 23, "codename": "delete_productimage"}}, {"model": "auth.permission", "pk": 92, "fields": {"name": "Can view Product Image", "content_type": 23, "codename": "view_productimage"}}, {"model": "auth.permission", "pk": 93, "fields": {"name": "Can add review", "content_type": 24, "codename": "add_review"}}, {"model": "auth.permission", "pk": 94, "fields": {"name": "Can change review", "content_type": 24, "codename": "change_review"}}, {"model": "auth.permission", "pk": 95, "fields": {"name": "Can delete review", "content_type": 24, "codename": "delete_review"}}, {"model": "auth.permission", "pk": 96, "fields": {"name": "Can view review", "content_type": 24, "codename": "view_review"}}, {"model": "auth.permission", "pk": 97, "fields": {"name": "Can add Slider", "content_type": 25, "codename": "add_slider"}}, {"model": "auth.permission", "pk": 98, "fields": {"name": "Can change Slider", "content_type": 25, "codename": "change_slider"}}, {"model": "auth.permission", "pk": 99, "fields": {"name": "Can delete Slider", "content_type": 25, "codename": "delete_slider"}}, {"model": "auth.permission", "pk": 100, "fields": {"name": "Can view Slider", "content_type": 25, "codename": "view_slider"}}, {"model": "auth.permission", "pk": 101, "fields": {"name": "Can add SubCategory", "content_type": 26, "codename": "add_subcategory"}}, {"model": "auth.permission", "pk": 102, "fields": {"name": "Can change SubCategory", "content_type": 26, "codename": "change_subcategory"}}, {"model": "auth.permission", "pk": 103, "fields": {"name": "Can delete SubCategory", "content_type": 26, "codename": "delete_subcategory"}}, {"model": "auth.permission", "pk": 104, "fields": {"name": "Can view SubCategory", "content_type": 26, "codename": "view_subcategory"}}, {"model": "auth.permission", "pk": 105, "fields": {"name": "Can add Wedding Banner", "content_type": 27, "codename": "add_weddingbanner"}}, {"model": "auth.permission", "pk": 106, "fields": {"name": "Can change Wedding Banner", "content_type": 27, "codename": "change_weddingbanner"}}, {"model": "auth.permission", "pk": 107, "fields": {"name": "Can delete Wedding Banner", "content_type": 27, "codename": "delete_weddingbanner"}}, {"model": "auth.permission", "pk": 108, "fields": {"name": "Can view Wedding Banner", "content_type": 27, "codename": "view_weddingbanner"}}, {"model": "auth.user", "pk": 1, "fields": {"password": "pbkdf2_sha256$1000000$isUDHPLfV7YXZQ0slOm8FS$+JTpdFRpwBA9Nb71ev8wqOvtR6W7GEH0jpo3sMeBBXE=", "last_login": "2025-05-26T04:39:01.142Z", "is_superuser": true, "username": "admin", "first_name": "", "last_name": "", "email": "admin@gmail.com", "is_staff": true, "is_active": true, "date_joined": "2025-05-26T04:38:34.336Z", "groups": [], "user_permissions": []}}, {"model": "contenttypes.contenttype", "pk": 1, "fields": {"app_label": "registration", "model": "registrationprofile"}}, {"model": "contenttypes.contenttype", "pk": 2, "fields": {"app_label": "registration", "model": "supervisedregistrationprofile"}}, {"model": "contenttypes.contenttype", "pk": 3, "fields": {"app_label": "admin_interface", "model": "theme"}}, {"model": "contenttypes.contenttype", "pk": 4, "fields": {"app_label": "admin", "model": "logentry"}}, {"model": "contenttypes.contenttype", "pk": 5, "fields": {"app_label": "auth", "model": "permission"}}, {"model": "contenttypes.contenttype", "pk": 6, "fields": {"app_label": "auth", "model": "group"}}, {"model": "contenttypes.contenttype", "pk": 7, "fields": {"app_label": "auth", "model": "user"}}, {"model": "contenttypes.contenttype", "pk": 8, "fields": {"app_label": "contenttypes", "model": "contenttype"}}, {"model": "contenttypes.contenttype", "pk": 9, "fields": {"app_label": "sessions", "model": "session"}}, {"model": "contenttypes.contenttype", "pk": 10, "fields": {"app_label": "web", "model": "contact"}}, {"model": "contenttypes.contenttype", "pk": 11, "fields": {"app_label": "web", "model": "customorder"}}, {"model": "contenttypes.contenttype", "pk": 12, "fields": {"app_label": "web", "model": "testimonial"}}, {"model": "contenttypes.contenttype", "pk": 13, "fields": {"app_label": "accounts", "model": "customer"}}, {"model": "contenttypes.contenttype", "pk": 14, "fields": {"app_label": "order", "model": "order"}}, {"model": "contenttypes.contenttype", "pk": 15, "fields": {"app_label": "order", "model": "orderitem"}}, {"model": "contenttypes.contenttype", "pk": 16, "fields": {"app_label": "main", "model": "shippingfee"}}, {"model": "contenttypes.contenttype", "pk": 17, "fields": {"app_label": "main", "model": "state"}}, {"model": "contenttypes.contenttype", "pk": 18, "fields": {"app_label": "main", "model": "district"}}, {"model": "contenttypes.contenttype", "pk": 19, "fields": {"app_label": "products", "model": "brands"}}, {"model": "contenttypes.contenttype", "pk": 20, "fields": {"app_label": "products", "model": "category"}}, {"model": "contenttypes.contenttype", "pk": 21, "fields": {"app_label": "products", "model": "product"}}, {"model": "contenttypes.contenttype", "pk": 22, "fields": {"app_label": "products", "model": "availablesize"}}, {"model": "contenttypes.contenttype", "pk": 23, "fields": {"app_label": "products", "model": "productimage"}}, {"model": "contenttypes.contenttype", "pk": 24, "fields": {"app_label": "products", "model": "review"}}, {"model": "contenttypes.contenttype", "pk": 25, "fields": {"app_label": "products", "model": "slider"}}, {"model": "contenttypes.contenttype", "pk": 26, "fields": {"app_label": "products", "model": "subcategory"}}, {"model": "contenttypes.contenttype", "pk": 27, "fields": {"app_label": "products", "model": "weddingbanner"}}, {"model": "sessions.session", "pk": "15ssac7x1rx679o4fckher3ps71o3ktw", "fields": {"session_data": ".eJxVjL0OgzAQg9_l5ioKIb-M3fsM6MhdGtoKJAIT4t0bJBYWS_Zne4eIywrdfjygx23N_VZ46UeCDhq4ZQPGL08noA9O71nEeVqXcRBnRVy0iNdM_Hte3dtBxpLrWhklObGWuiUvbUrVRu-DUdYlhaZK0JYca2O5QZOwdUETUaMGGYjh-AMVrzr-:1uJPqf:CrQ0aGIQAQGqvbGhhPPmuVeRBZrNKH7_mvRUVhvpkr0", "expire_date": "2025-06-09T04:54:05.067Z"}}, {"model": "sessions.session", "pk": "tlyfgt1rq88syqyleuzmtkxifs4hd4vj", "fields": {"session_data": "eyJjYXJ0Ijp7fX0:1uJPSw:lL-pfqmt5gVIiZNZYXxmJdsUj972pPDzOETnAq5dV9Y", "expire_date": "2025-06-09T04:29:34.675Z"}}, {"model": "products.slider", "pk": 1, "fields": {"title": "banner2", "image": "slider/bnr2_cJwuXbz.jpg", "mobile_image": "slider/bnr2_SeHUguX.jpg", "category": null, "is_active": true}}, {"model": "products.slider", "pk": 2, "fields": {"title": "banner1", "image": "slider/bnr1.jpg", "mobile_image": "slider/bnr1_akY5LNy.jpg", "category": null, "is_active": true}}]